Year,Id,Coroner Area,With Post-Mortem Deaths On Which No Inquest Was Held Males,With Post-Mortem Deaths On Which No Inquest Was Held Females,With Post-Mortem Deaths On Which No Inquest Was Held Total,With Post-Mortem Deaths On Inquests Held Even If Not Concluded Males,With Post-Mortem Deaths On Inquests Held Even If Not Concluded Females,With Post-Mortem Deaths On Inquests Held Even If Not Concluded Total,With Post-Mortem Total Number Of Deaths Reported Males,With Post-Mortem Total Number Of Deaths Reported Females,With Post-Mortem Total Number Of Deaths Reported Total,Without Post-Mortem Deaths On Which No Inquest Was Held Males,Without Post-Mortem Deaths On Which No Inquest Was Held Females,Without Post-Mortem Deaths On Which No Inquest Was Held Total,Without Post-Mortem Deaths On Inquests Held Even If Not Concluded Males,Without Post-Mortem Deaths On Inquests Held Even If Not Concluded Females,Without Post-Mortem Deaths On Inquests Held Even If Not Concluded Total,Without Post-Mortem Total Number Of Deaths Reported Males,Without Post-Mortem Total Number Of Deaths Reported Females,Without Post-Mortem Total Number Of Deaths Reported Total,Deaths On Which No Inquest Was Held Males,Deaths On Which No Inquest Was Held Females,Deaths On Which No Inquest Was Held Total,Deaths On Inquests Held Even If Not Concluded Males,Deaths On Inquests Held Even If Not Concluded Females,Deaths On Inquests Held Even If Not Concluded Total,Total Number Of Deaths Reported Males,Total Number Of Deaths Reported Females,Total Number Of Deaths Reported Total,Number Of Cases Transferred Out Of District Under Section 14 Of The Coroners Act 1988,Deaths Where No Inquest Or Certificate Where Sex Of Deceased Not Known,Post Mortems Standard Rate,Non-Standard Rate,Total PMs with type of rate,Histology,Toxicology,Out Of England Orders,Deaths Else-Where,Deaths in Custody Prison,Deaths in Custody Police,Deaths in Custody Immigration removal centres,Deaths in Custody MHA detention,Deaths in Custody Residents of probation approved premises,Deaths in Custody Secure training centre,Deaths in Custody LA secure children's homes,Deaths in Custody Release on temporary licence (ROTL),Deaths in Custody Release from custody within last 7 days,Deaths in Custody Total,Killed Unlawfully Males,Killed Unlawfully Females,Killed Unlawfully Total,Killed Lawfully Males,Killed Lawfully Females,Killed Lawfully Total,Suicide Males,Suicide Females,Suicide Total,Attempted Or Self Induced Abortion Males,Attempted Or Self Induced Abortion Females,Attempted Or Self Induced Abortion Total,Death Aggravated By Neglect Or Self Neglect Males,Death Aggravated By Neglect Or Self Neglect Females,Death Aggravated By Neglect Or Self Neglect Total,Dependence On Drugs Males,Dependence On Drugs Females,Dependence On Drugs Total,Non-Dependent Abuse Of Drugs Males,Non-Dependent Abuse Of Drugs Females,Non-Dependent Abuse Of Drugs Total,Want Of Attention At Birth Males,Want Of Attention At Birth Females,Want Of Attention At Birth Total,Deaths From Industrial Diseases Males,Deaths From Industrial Diseases Females,Deaths From Industrial Diseases Total,Deaths By Accident (Including Misadventure) Males,Deaths By Accident (Including Misadventure) Females,Deaths By Accident (Including Misadventure) Total,Stillborn Males,Stillborn Females,Stillborn Total,Deaths From Natural Causes Males,Deaths From Natural Causes Females,Deaths From Natural Causes Total,Open Verdicts Males,Open Verdicts Females,Open Verdicts Total,Disasters Males,Disasters Females,Disasters Total,Unclassified Verdicts Males,Unclassified Verdicts Females,Unclassified Verdicts Total,Total (All Verdicts) Males,Total (All Verdicts) Females,Total (All Verdicts) Total,Age Of Deceased At Death 0-1 Years,Age Of Deceased At Death 1-14 Years,Age Of Deceased At Death 15-24 Years,Age Of Deceased At Death 25-44 Years,Age Of Deceased At Death 45-64 Years,Age Of Deceased At Death Over 65 Years,Age Of Deceased At Death Age Not Known,Murder Sec16(1)(A),Murder Sec16(1)(B),Murder Sec 17A,Murder Total,Manslaughter Sec16(1)(A),Manslaughter Sec16(1)(B),Manslaughter Sec 17A,Manslaughter Total,Infanticide Sec16(1)(A),Infanticide Sec16(1)(B),Infanticide Sec 17A,Infanticide Total,Causing Death Contrary To Rta 1988 Sec16(1)(A),Causing Death Contrary To Rta 1989 Sec16(1)(B),Causing Death Contrary To Rta 1990 Sec 17A,Causing Death Contrary To Rta 1991 Total,"Aiding, Abetting, Counselling Or Procuring Suicide Sec16(1)(A)","Aiding, Abetting, Counselling Or Procuring Suicide Sec16(1)(B)","Aiding, Abetting, Counselling Or Procuring Suicide Sec 17A","Aiding, Abetting, Counselling Or Procuring Suicide Total",Corporate Manslaughter Sec16(1)(A),Corporate Manslaughter Sec16(1)(B),Corporate Manslaughter Sec 17A,Corporate Manslaughter Total,Other Criminal Charges Sec16(1)(A),Other Criminal Charges Sec16(1)(B),Other Criminal Charges Sec 17A,Other Criminal Charges Total,Disaster Inquiry Sec16(1)(A),Disaster Inquiry Sec16(1)(B),Disaster Inquiry Sec 17A,Disaster Inquiry Total,Total (All Charges) Sec16(1)(A),Total (All Charges) Sec16(1)(B),Total (All Charges) Sec 17A,Total (All Charges) Total,Number Of Inquests Held Excluding Treasure Trove With Juries,Number Of Inquests Held Excluding Treasure Trove Without Juries,Number Of Inquests Held Excluding Treasure Trove Total,Inquests Held By Order Of The High Court,Inquests Quashed Or Amended By The High Court,Number Of Inquests Held On Treasure Trove,Treasure Act 1996: Finds Reported,Treasure Act 1996: Inquests Concluded,Treasure Act 1996: Verdicts Of Treasure,Number Of Exhumations Ordered By The Coroner,Q1. Deaths On Which No Inquests Were Held Number Of Cases In Which Disposal Certificates Were Issued Within: 1 Week Or Less,Q1. Deaths On Which No Inquests Were Held Number Of Cases In Which Disposal Certificates Were Issued Within: Over 1 Week And Up To 1 Month,Q1. Deaths On Which No Inquests Were Held Number Of Cases In Which Disposal Certificates Were Issued Within: Over 1 Calendar Month,Q1. Deaths On Which No Inquests Were Held Total Cases Where Certificates Were Issued,Q1. Deaths On Which No Inquests Were Held Cases Where No Certificate Issued,Q1. Deaths On Which No Inquests Were Held All Non-Inquest Cases,"Q2. Deaths On Which Inquests Are To Be, Or Were, Opened In Year (Even If Not Yet Concluded) Number Of Cases In Which Disposal Certificates Were Issued Within: 1 Week Or Less","Q2. Deaths On Which Inquests Are To Be, Or Were, Opened In Year (Even If Not Yet Concluded) Number Of Cases In Which Disposal Certificates Were Issued Within: Over 1 Week And Up To 1 Month","Q2. Deaths On Which Inquests Are To Be, Or Were, Opened In Year (Even If Not Yet Concluded) Number Of Cases In Which Disposal Certificates Were Issued Within: Over 1 Calendar Month","Q2. Deaths On Which Inquests Are To Be, Or Were, Opened In Year (Even If Not Yet Concluded) Total Cases E & W","Q2. Deaths On Which Inquests Are To Be, Or Were, Opened In Year (Even If Not Yet Concluded) Total Cases Elsewhere","Q2. Deaths On Which Inquests Are To Be, Or Were, Opened In Year (Even If Not Yet Concluded) All Inquest Cases","Q3. Deaths On Which The Inquests Were Concluded Or Adjourned In Year Number Of Cases Where The Inquest Was Either Concluded, Or Adjourned Under Section 16, In England And Wales 1 Month Or Less","Q3. Deaths On Which The Inquests Were Concluded Or Adjourned In Year Number Of Cases Where The Inquest Was Either Concluded, Or Adjourned Under Section 16, In England And Wales 1 To 3 Months","Q3. Deaths On Which The Inquests Were Concluded Or Adjourned In Year Number Of Cases Where The Inquest Was Either Concluded, Or Adjourned Under Section 16, In England And Wales 3 To 6 Months","Q3. Deaths On Which The Inquests Were Concluded Or Adjourned In Year Number Of Cases Where The Inquest Was Either Concluded, Or Adjourned Under Section 16, In England And Wales 6 To 12 Months","Q3. Deaths On Which The Inquests Were Concluded Or Adjourned In Year Number Of Cases Where The Inquest Was Either Concluded, Or Adjourned Under Section 16, In England And Wales Over 12 Months","Q3. Deaths On Which The Inquests Were Concluded Or Adjourned In Year Number Of Cases Where The Inquest Was Either Concluded, Or Adjourned Under Section 16, In England And Wales Total",Q3. Deaths On Which The Inquests Were Concluded Or Adjourned In Year Deaths Elsewhere,Q3. Deaths On Which The Inquests Were Concluded Or Adjourned In Year All Cases,Q4. Inquests Open Or In Progress At End Of Year Number Of Cases Originating From Deaths In England And Wales Up To 6 Months,Q4. Inquests Open Or In Progress At End Of Year Number Of Cases Originating From Deaths In England And Wales 6 To 12 Months,Q4. Inquests Open Or In Progress At End Of Year Number Of Cases Originating From Deaths In England And Wales 1 – 2 Years,Q4. Inquests Open Or In Progress At End Of Year Number Of Cases Originating From Deaths In England And Wales Over 2 Years,Q4. Inquests Open Or In Progress At End Of Year Number Of Cases Originating From Deaths In England And Wales Total E & W,Q4. Inquests Open Or In Progress At End Of Year Number Of Cases Originating From Deaths Elsewhere Up To 6 Months,Q4. Inquests Open Or In Progress At End Of Year Number Of Cases Originating From Deaths Elsewhere 6 To 12 Months,Q4. Inquests Open Or In Progress At End Of Year Number Of Cases Originating From Deaths Elsewhere 1 – 2 Years,Q4. Inquests Open Or In Progress At End Of Year Number Of Cases Originating From Deaths Elsewhere Over 2 Years,Q4. Inquests Open Or In Progress At End Of Year Number Of Cases Originating From Deaths Elsewhere Total Elsewhere,Q4. Inquests Open Or In Progress At End Of Year All Cases,Date Of Oldest Case (England And Wales),Date Of Oldest Case (Elsewhere),Date Of Oldest Case (Overall),Average Time To Process Inquests (Wks)
2012,0,The Queen's Household,0,0,0,0,0,0,0,0,0,0,0,0,0,0,0,0,0,0,0,0,0,0,0,0,0,0,0,0,0,0,0,0,0,0,0,0,0,0,0,0,0,0,0,0,0,0,0,0,0,0,0,0,0,0,0,0,0,0,0,0,0,0,0,0,0,0,0,0,0,0,0,0,0,0,0,0,0,0,0,0,0,0,0,0,0,0,0,0,0,0,0,0,0,0,0,0,0,0,0,0,0,0,0,0,0,0,0,0,0,0,0,0,0,0,0,0,0,0,0,0,0,0,0,0,0,0,0,0,0,0,0,0,0,0,0,0,0,0,0,0,0,0,0,0,0,0,0,0,0,0,0,0,0,0,0,0,0,0,0,0,0,0,0,0,0,0,0,0,0,0,0,0,0,0,0,0,0,0,n/a,n/a,n/a,n/a
2012,101,Darlington and South Durham,200,142,342,128,56,184,328,198,526,242,273,515,8,1,9,250,274,524,442,415,857,136,57,193,578,472,1050,0,0,515,11,526,73,52,8,8,0,0,0,0,0,0,0,0,0,0,1,2,3,0,0,0,15,1,16,0,0,0,0,0,0,0,0,0,0,0,0,0,0,0,17,0,17,28,8,36,0,0,0,62,34,96,2,2,4,0,0,0,3,3,6,128,50,178,2,1,8,32,32,103,0,1,0,0,1,0,0,0,0,0,0,0,0,1,0,0,1,0,0,0,0,0,0,0,0,0,0,0,0,0,0,0,0,2,0,0,2,1,179,180,0,0,0,1,0,0,0,824,19,5,848,9,857,154,34,2,190,3,193,16,60,64,30,6,176,4,180,47,4,6,1,58,2,0,0,1,3,61,21/12/2010,11/12/2008,11/12/2008,19.56818182
2012,102,North Durham,248,214,462,233,103,336,481,317,798,309,314,623,13,6,19,322,320,642,557,528,1085,246,109,355,803,637,1440,0,0,768,30,798,139,119,7,12,9,0,0,1,0,0,0,0,0,10,0,0,0,0,0,0,19,6,25,0,0,0,0,0,0,3,0,3,0,0,0,0,0,0,41,1,42,28,14,42,1,0,1,103,52,155,7,3,10,0,0,0,20,7,27,222,83,305,2,2,13,38,76,174,0,2,0,0,2,0,0,0,0,0,0,0,0,0,0,0,0,0,0,0,0,0,0,0,0,0,0,0,0,0,0,0,0,2,0,0,2,6,301,307,0,0,0,0,1,1,0,1019,43,2,1064,21,1085,306,43,4,353,2,355,31,90,120,51,14,306,1,307,103,36,6,3,148,1,0,1,1,3,151,16/11/2010,10/12/2010,16/11/2010,20.5
2012,103,HARTLEPOOL,74,36,110,32,4,36,106,40,146,85,105,190,0,0,0,85,105,190,159,141,300,32,4,36,191,145,336,0,0,137,9,146,21,14,0,1,0,0,0,0,0,0,0,0,0,0,0,0,0,0,0,0,6,1,7,0,0,0,0,0,0,0,0,0,2,0,2,0,0,0,14,0,14,3,1,4,0,0,0,5,2,7,1,0,1,0,0,0,0,0,0,31,4,35,0,0,2,5,7,21,0,0,0,0,0,0,0,0,0,0,0,0,0,1,0,0,1,0,0,0,0,0,0,0,0,0,0,0,0,0,0,0,0,1,0,0,1,0,36,36,0,0,0,1,1,1,0,300,0,0,300,0,300,36,0,0,36,0,36,19,8,2,7,0,36,0,36,7,0,1,0,8,0,0,0,0,0,8,15/08/2011,n/a,15/08/2011,12.05555556
2012,104,North Northumberland,100,89,189,59,32,91,159,121,280,168,191,359,13,4,17,181,195,376,268,280,548,72,36,108,340,316,656,0,0,252,28,280,69,51,111,6,3,0,0,2,0,0,0,0,0,5,0,0,0,0,0,0,4,3,7,0,0,0,0,0,0,0,0,0,0,0,0,0,0,0,12,1,13,6,6,12,0,0,0,35,20,55,7,0,7,0,0,0,11,20,31,75,50,125,1,0,4,20,32,68,0,0,0,0,0,1,0,0,1,0,0,0,0,2,0,0,2,0,0,0,0,0,0,0,0,0,0,0,0,0,0,0,0,3,0,0,3,3,125,128,0,0,0,0,0,0,0,409,1,3,413,135,548,102,4,1,107,1,108,18,25,42,17,25,127,1,128,35,7,2,1,45,1,0,0,0,1,46,20/09/2010,21/09/2012,20/09/2010,29.08661417
2012,105,South Northumberland,96,66,162,71,22,93,167,88,255,89,88,177,11,12,23,100,100,200,185,154,339,82,34,116,267,188,455,0,0,242,13,255,55,67,7,7,0,0,0,0,0,0,0,0,0,0,0,0,0,0,0,0,17,0,17,0,0,0,0,0,0,0,0,0,0,0,0,0,0,0,7,2,9,13,16,29,0,0,0,26,7,33,9,3,12,0,0,0,4,0,4,76,28,104,0,0,3,19,27,55,0,1,0,0,1,0,0,0,0,0,0,0,0,1,0,0,1,0,0,0,0,0,0,0,0,0,0,0,0,0,0,0,0,2,0,0,2,0,106,106,0,0,0,1,0,0,0,239,6,1,246,93,339,105,8,1,114,2,116,25,28,36,12,4,105,1,106,12,8,1,5,26,0,0,2,5,7,33,05/01/2007,11/03/2009,05/01/2007,17.11428571
2012,106,TEESSIDE,359,260,619,242,108,350,601,368,969,798,868,1666,0,0,0,798,868,1666,1157,1128,2285,242,108,350,1399,1236,2635,8,0,942,27,969,175,113,15,17,6,1,0,0,0,0,0,0,0,7,0,1,1,0,0,0,28,6,34,0,0,0,0,3,3,17,3,20,1,1,2,0,0,0,46,1,47,55,40,95,0,0,0,40,14,54,10,6,16,0,0,0,4,1,5,201,76,277,3,4,10,58,63,139,0,2,0,0,2,1,0,0,1,0,0,0,0,6,0,0,6,0,0,0,0,0,0,0,0,0,0,0,0,0,0,0,0,9,0,0,9,10,276,286,0,0,0,1,0,0,0,2265,0,0,2265,20,2285,340,9,0,349,1,350,2,10,51,114,104,281,5,286,196,99,61,13,369,1,0,1,1,3,372,01/02/2009,25/06/2008,25/06/2008,48.16548043
2012,107,Gateshead and South Tyneside,358,293,651,161,78,239,519,371,890,445,487,932,40,11,51,485,498,983,803,780,1583,201,89,290,1004,869,1873,0,21,865,25,890,301,98,3,4,0,0,0,2,0,0,0,0,1,3,0,0,0,0,0,0,13,0,13,0,0,0,0,0,0,0,0,0,0,0,0,0,0,0,28,3,31,80,47,127,0,0,0,55,28,83,5,3,8,0,0,0,17,7,24,198,88,286,4,3,5,54,70,150,0,1,0,0,1,0,0,0,0,0,0,0,0,1,0,0,1,0,0,0,0,0,0,0,0,0,0,0,0,0,0,0,0,2,0,0,2,2,286,288,0,0,0,0,0,0,0,1345,0,0,1345,259,1604,290,0,0,290,0,290,51,69,85,70,13,288,0,288,32,10,10,16,68,0,0,0,0,0,68,01/07/2006,n/a,01/07/2006,21.19965278
2012,108,Newcastle upon Tyne,236,171,407,221,116,337,457,287,744,551,512,1063,27,10,37,578,522,1100,787,683,1470,248,126,374,1035,809,1844,0,0,713,31,744,478,116,33,18,0,0,0,0,0,0,0,0,0,0,0,0,0,0,0,0,19,6,25,0,0,0,0,0,0,1,0,1,2,0,2,0,0,0,22,0,22,30,18,48,0,0,0,36,34,70,4,1,5,0,0,0,36,36,72,150,95,245,9,5,12,42,72,105,0,2,0,0,2,0,0,0,0,0,0,0,0,2,0,0,2,0,0,0,0,0,0,0,0,0,0,0,0,0,0,0,0,4,0,0,4,2,247,249,0,0,0,0,0,0,0,1166,0,0,1166,304,1470,346,10,0,356,18,374,12,59,109,63,5,248,1,249,182,48,10,3,243,0,0,4,1,5,248,27/10/2009,15/03/2010,27/10/2009,22.08266129
2012,109,North Tyneside,127,104,231,92,47,139,219,151,370,160,154,314,38,36,74,198,190,388,287,258,545,130,83,213,417,341,758,0,0,354,16,370,109,71,5,5,0,0,0,0,0,0,0,0,0,0,0,0,0,0,0,0,15,2,17,0,0,0,0,0,0,0,0,0,0,0,0,0,0,0,30,2,32,26,40,66,0,0,0,48,24,72,7,9,16,0,0,0,2,7,9,128,84,212,0,0,2,30,44,136,0,0,0,0,0,0,0,0,0,0,0,0,0,1,0,0,1,0,0,0,0,0,0,0,0,0,0,0,0,0,0,0,0,1,0,0,1,0,213,213,0,0,0,0,0,0,0,413,1,0,414,131,545,208,4,1,213,0,213,73,56,59,20,4,212,1,213,29,4,4,1,38,0,0,0,0,0,38,02/12/2008,n/a,02/12/2008,13.89386792
2012,110,Sunderland,132,102,234,188,103,291,320,205,525,551,547,1098,9,6,15,560,553,1113,683,649,1332,197,109,306,880,758,1638,0,0,459,66,525,238,109,6,9,1,0,0,0,0,0,0,0,0,1,2,0,2,1,0,1,23,2,25,0,0,0,0,0,0,0,0,0,1,0,1,0,0,0,34,7,41,24,13,37,0,0,0,101,76,177,3,2,5,0,0,0,23,15,38,212,115,327,3,2,14,52,76,180,0,0,0,0,0,0,0,0,0,0,0,0,0,2,0,0,2,0,0,0,0,0,0,0,0,0,0,0,0,0,0,0,0,2,0,0,2,0,329,329,0,0,0,0,0,0,0,1232,16,0,1248,84,1332,289,14,2,305,1,306,68,142,69,39,8,326,3,329,51,6,4,1,62,0,0,2,1,3,65,13/03/2010,12/02/2007,12/02/2007,15.13343558
2012,201,CHESHIRE,654,532,1186,514,240,754,1168,772,1940,1327,1572,2899,42,17,59,1369,1589,2958,1981,2104,4085,556,257,813,2537,2361,4898,12,0,1925,15,1940,499,303,31,46,0,0,0,0,0,0,0,0,0,0,0,1,1,0,0,0,58,14,72,0,0,0,0,0,0,0,0,0,0,0,0,0,0,0,57,2,59,92,55,147,0,0,0,175,103,278,10,8,18,0,0,0,86,37,123,478,220,698,6,7,25,98,170,392,0,0,0,0,0,2,0,0,2,0,0,0,0,8,0,0,8,0,0,0,0,0,0,0,0,0,0,0,0,0,0,0,0,10,0,0,10,20,688,708,0,0,0,7,3,3,0,4011,13,0,4024,61,4085,759,28,2,789,24,813,36,74,239,302,47,698,10,708,347,100,34,9,490,13,7,2,2,24,514,22/09/2009,11/06/2009,11/06/2009,29.47922636
2012,203,South and East Cumbria,178,142,320,126,43,169,304,185,489,205,225,430,1,1,2,206,226,432,383,367,750,127,44,171,510,411,921,0,0,486,3,489,102,80,11,15,0,0,0,0,0,0,0,0,0,0,0,1,1,0,0,0,12,0,12,0,0,0,0,0,0,0,0,0,0,1,1,0,0,0,15,0,15,28,12,40,0,0,0,30,12,42,9,3,12,0,0,0,36,13,49,130,42,172,3,2,8,30,45,84,0,1,0,0,1,0,0,0,0,0,0,0,0,4,0,0,4,0,0,0,0,0,0,0,0,0,0,0,0,0,0,0,0,5,0,0,5,0,177,177,0,0,0,4,10,9,0,729,7,5,741,9,750,145,20,2,167,4,171,7,30,78,42,14,171,6,177,57,6,3,0,66,1,1,1,0,3,69,17/08/2011,28/12/2011,17/08/2011,26.31578947
2012,204,North and West Cumbria,239,191,430,135,60,195,374,251,625,301,344,645,11,11,22,312,355,667,540,535,1075,146,71,217,686,606,1292,1,0,600,25,625,180,128,36,5,0,0,0,0,1,0,0,0,0,1,0,0,0,0,0,0,25,8,33,0,0,0,0,0,0,1,0,1,0,0,0,0,0,0,11,2,13,50,33,83,0,0,0,49,22,71,7,1,8,0,0,0,6,10,16,149,76,225,3,2,18,41,66,95,0,0,0,0,0,1,0,0,1,0,0,0,0,5,0,0,5,0,0,0,0,0,0,0,0,0,0,0,0,0,0,0,0,6,0,0,6,1,230,231,0,0,0,4,6,6,0,1046,5,1,1052,23,1075,201,12,2,215,2,217,1,17,58,88,60,224,7,231,101,28,20,7,156,1,0,1,0,2,158,11/06/2010,16/07/2011,11/06/2010,41.56696429
2012,205,Manchester city,533,364,897,387,212,599,920,576,1496,700,667,1367,59,71,130,759,738,1497,1233,1031,2264,446,283,729,1679,1314,2993,63,2,1450,46,1496,447,216,119,28,5,0,0,5,0,0,0,0,0,10,1,1,2,0,0,0,17,10,27,0,0,0,1,0,1,1,0,1,2,1,3,0,0,0,21,0,21,60,62,122,0,1,1,172,117,289,10,4,14,0,0,0,94,75,169,379,271,650,15,14,17,78,175,350,1,5,0,0,5,1,0,0,1,0,0,0,0,5,0,0,5,0,0,0,0,0,0,0,0,0,0,0,0,0,0,0,0,11,0,0,11,13,648,661,0,0,0,0,0,0,0,2098,122,11,2231,35,2266,494,206,26,726,3,729,59,61,283,195,59,657,4,661,215,54,18,7,294,3,0,0,1,4,298,11/02/2008,08/04/2010,11/02/2008,27.78767123
2012,206,Manchester North,323,227,550,283,134,417,606,361,967,684,804,1488,64,114,178,748,918,1666,1007,1031,2038,347,248,595,1354,1279,2633,10,1,887,80,967,291,173,55,33,0,0,0,6,1,0,0,0,2,9,1,0,1,0,0,0,42,11,53,0,0,0,1,2,3,1,1,2,2,2,4,0,0,0,12,3,15,44,21,65,0,0,0,116,117,233,13,11,24,0,0,0,48,49,97,280,217,497,9,5,17,75,112,279,0,2,0,0,2,0,0,0,0,0,0,0,0,0,0,0,0,0,0,0,0,0,0,0,0,0,0,0,0,0,0,0,0,2,0,0,2,0,499,499,0,0,0,0,0,0,0,1972,40,2,2014,25,2039,458,120,9,587,8,595,149,6,59,173,105,492,7,499,231,91,46,5,373,4,2,5,3,14,387,12/02/2009,06/10/2009,12/02/2009,33.3648374
2012,207,Manchester South,574,494,1068,291,184,475,865,678,1543,502,612,1114,78,86,164,580,698,1278,1076,1106,2182,369,270,639,1445,1376,2821,5,0,1503,40,1543,526,237,36,27,0,1,0,0,0,0,0,0,1,2,1,0,1,0,0,0,43,15,58,0,0,0,0,0,0,0,0,0,0,0,0,0,0,0,36,4,40,121,125,246,0,0,0,148,129,277,30,11,41,0,0,0,20,12,32,399,296,695,3,4,23,118,150,397,0,5,0,0,5,1,0,0,1,0,0,0,0,4,0,0,4,0,0,0,0,1,0,0,1,1,0,0,1,0,0,0,0,12,0,0,12,4,703,707,0,1,0,0,0,0,0,2106,61,9,2176,6,2182,507,106,18,631,8,639,12,86,230,295,75,698,9,707,211,51,41,3,306,6,1,0,3,10,316,19/04/2010,21/08/2006,21/08/2006,32.02722063
2012,208,Manchester West,615,504,1119,380,197,577,995,701,1696,1015,1272,2287,32,24,56,1047,1296,2343,1630,1776,3406,412,221,633,2042,1997,4039,47,0,1553,143,1696,198,192,42,19,3,0,0,10,0,0,0,0,0,13,1,0,1,1,0,1,32,7,39,0,0,0,0,0,0,15,4,19,1,0,1,0,0,0,58,7,65,73,65,138,0,0,0,70,46,116,26,11,37,0,0,0,82,103,185,359,243,602,10,4,19,99,134,336,0,8,0,0,8,0,0,0,0,0,0,0,0,12,0,0,12,0,0,0,0,0,0,0,0,0,0,0,0,0,0,0,0,20,0,0,20,12,610,622,0,0,0,0,0,0,0,3365,16,0,3381,25,3406,532,99,0,631,2,633,32,338,161,55,28,614,8,622,139,19,12,2,172,3,0,3,1,7,179,10/12/2010,04/03/2010,04/03/2010,17.18485342
2012,209,"Blackburn, Hyndburn and Ribble Valley",288,264,552,192,123,315,480,387,867,810,873,1683,48,33,81,858,906,1764,1098,1137,2235,240,156,396,1338,1293,2631,57,0,796,71,867,210,114,47,12,0,0,0,3,0,0,0,0,0,3,2,0,2,0,0,0,21,5,26,0,0,0,0,0,0,3,0,3,0,0,0,0,0,0,25,0,25,46,16,62,0,0,0,108,76,184,2,3,5,0,0,0,31,65,96,238,165,403,4,3,6,55,93,242,0,3,0,0,3,1,0,0,1,0,0,0,0,2,0,0,2,0,0,0,0,0,0,0,0,0,0,0,0,0,0,0,0,6,0,0,6,2,407,409,0,0,0,0,2,2,0,2233,1,0,2234,1,2235,374,10,8,392,4,396,42,242,101,13,2,400,9,409,58,1,1,0,60,1,0,0,0,1,61,28/07/2011,16/11/2012,28/07/2011,12.30875
2012,210,Blackpool/Fylde,350,266,616,105,46,151,455,312,767,455,521,976,3,2,5,458,523,981,805,787,1592,108,48,156,913,835,1748,5,1,733,34,767,173,82,30,14,1,0,0,0,0,0,0,0,0,1,0,0,0,0,0,0,16,8,24,0,0,0,0,1,1,12,1,13,2,0,2,0,0,0,18,2,20,34,25,59,0,0,0,10,6,16,10,4,14,0,0,0,5,1,6,107,48,155,3,5,5,43,35,63,1,2,0,0,2,1,0,0,1,0,0,0,0,4,0,0,4,0,0,0,0,0,0,0,0,2,0,0,2,0,0,0,0,9,0,0,9,1,163,164,0,0,0,0,0,0,0,1571,13,2,1586,7,1593,115,29,8,152,4,156,5,45,56,38,16,160,4,164,34,11,4,4,53,1,2,1,1,5,58,07/07/2010,17/11/2009,17/11/2009,26.275
2012,211,East Lancashire,136,128,264,99,37,136,235,165,400,102,133,235,4,0,4,106,133,239,238,261,499,103,37,140,341,298,639,2,0,375,25,400,93,103,10,6,0,0,0,0,0,0,0,0,0,0,1,0,1,0,0,0,13,3,16,0,0,0,0,0,0,0,0,0,0,0,0,0,0,0,13,1,14,28,6,34,0,0,0,32,20,52,4,0,4,0,0,0,6,4,10,97,34,131,6,3,11,20,35,56,0,1,0,0,1,0,0,0,0,0,0,0,0,0,0,0,0,0,0,0,0,0,0,0,0,1,0,0,1,0,0,0,0,2,0,0,2,0,133,133,0,0,0,0,0,0,0,498,1,0,499,0,499,123,15,2,140,0,140,5,25,74,25,2,131,2,133,46,2,4,0,52,0,0,0,0,0,52,26/02/2011,n/a,26/02/2011,21.29007634
2012,212,Preston and West Lancashire,601,500,1101,230,124,354,831,624,1455,538,631,1169,43,24,67,581,655,1236,1139,1131,2270,273,148,421,1412,1279,2691,30,0,1233,222,1455,170,164,21,19,4,1,0,1,0,0,0,0,0,6,1,1,2,1,0,1,47,9,56,0,0,0,0,0,0,0,0,0,0,0,0,0,0,0,19,2,21,76,50,126,0,1,1,68,39,107,18,10,28,0,0,0,47,48,95,277,160,437,8,4,28,77,134,186,0,5,0,0,5,1,0,0,1,0,0,0,0,6,0,0,6,0,0,0,0,0,0,0,0,0,0,0,0,0,0,0,0,12,0,0,12,9,440,449,0,0,0,2,1,1,0,2262,7,0,2269,1,2270,362,45,6,413,8,421,16,79,256,59,27,437,12,449,136,12,14,8,170,2,2,2,4,10,180,16/06/2008,02/11/2009,16/06/2008,23.10983982
2012,213,"Sefton, Knowsley and St Helens",320,219,539,180,65,245,500,284,784,702,774,1476,57,36,93,759,810,1569,1022,993,2015,237,101,338,1259,1094,2353,13,0,734,50,784,134,134,14,16,1,0,0,1,0,0,0,0,0,2,0,0,0,0,0,0,59,11,70,0,0,0,1,0,1,0,1,1,2,0,2,0,0,0,13,1,14,70,27,97,0,0,0,68,46,114,4,3,7,0,0,0,4,5,9,221,94,315,3,2,15,64,94,137,0,0,0,0,0,0,0,0,0,0,0,0,0,0,0,0,0,0,0,0,0,0,0,0,0,0,0,0,0,0,0,0,0,0,0,0,0,8,307,315,0,0,0,0,0,0,0,1970,3,6,1979,36,2015,331,2,2,335,3,338,107,21,82,73,30,313,2,315,80,35,8,28,151,2,0,6,3,11,162,04/10/2007,05/12/2005,05/12/2005,23.07667732
2012,214,Liverpool,308,175,483,264,100,364,572,275,847,872,861,1733,121,137,258,993,998,1991,1180,1036,2216,385,237,622,1565,1273,2838,16,0,732,115,847,398,241,39,16,5,0,0,0,0,0,0,0,0,5,1,0,1,0,0,0,14,2,16,0,0,0,0,0,0,10,0,10,3,0,3,0,0,0,33,5,38,75,66,141,2,0,2,142,117,259,4,0,4,0,0,0,76,36,112,360,226,586,19,0,8,85,142,332,0,10,0,0,10,1,0,0,1,0,0,0,0,6,1,0,7,0,0,0,0,0,0,0,0,0,0,0,0,0,0,0,0,17,1,0,18,5,599,604,0,0,0,0,0,0,0,2181,23,0,2204,12,2216,532,69,14,615,7,622,262,292,25,11,6,596,8,604,41,5,4,1,51,1,0,0,0,1,52,25/05/2010,08/08/2012,25/05/2010,8.032718121
2012,215,Wirral,176,144,320,173,76,249,349,220,569,447,529,976,23,10,33,470,539,1009,623,673,1296,196,86,282,819,759,1578,0,0,509,60,569,182,95,5,15,0,0,0,0,0,0,0,0,0,0,0,0,0,0,0,0,14,3,17,0,0,0,0,0,0,0,0,0,0,0,0,0,0,0,24,1,25,38,21,59,0,0,0,88,27,115,16,5,21,0,0,0,13,11,24,193,68,261,7,1,10,37,76,130,0,5,0,0,5,2,0,0,2,0,0,0,0,2,0,0,2,0,0,0,0,0,0,0,0,0,0,0,0,0,0,0,0,9,0,0,9,3,267,270,0,0,0,0,0,0,0,1273,5,2,1280,16,1296,262,9,8,279,3,282,29,32,113,68,24,266,4,270,77,28,9,6,120,1,2,1,2,6,126,23/11/2009,04/08/2008,04/08/2008,26.44548872
2012,301,EAST RIDING AND HULL,405,304,709,172,80,252,577,384,961,1027,1075,2102,2,1,3,1029,1076,2105,1432,1379,2811,174,81,255,1606,1460,3066,11,1,877,84,961,72,81,23,19,3,1,0,1,0,0,0,0,0,5,0,0,0,0,0,0,26,7,33,0,0,0,0,0,0,0,0,0,0,0,0,0,0,0,21,3,24,39,22,61,0,0,0,24,12,36,23,11,34,0,0,0,46,32,78,179,87,266,4,2,11,70,77,102,0,3,0,0,3,0,0,0,0,0,0,0,0,12,0,0,12,0,0,0,0,0,0,0,0,0,0,0,0,0,0,0,0,15,0,0,15,11,270,281,0,0,0,19,9,9,0,2682,16,6,2704,108,2812,203,26,19,248,7,255,0,7,233,28,10,278,3,281,39,3,2,0,44,4,1,0,0,5,49,23/02/2011,09/05/2012,23/02/2011,23.20323741
2012,302,NORTH LINCOLNSHIRE AND GRIMSBY,176,92,268,85,32,117,261,124,385,560,593,1153,4,0,4,564,593,1157,736,685,1421,89,32,121,825,717,1542,22,0,369,16,385,48,48,8,19,0,0,0,0,0,0,0,0,0,0,1,0,1,0,0,0,23,4,27,0,0,0,0,0,0,1,0,1,0,0,0,0,0,0,14,1,15,21,14,35,0,0,0,23,9,32,0,1,1,0,0,0,23,9,32,106,38,144,2,2,8,40,44,48,0,1,0,0,1,3,0,0,3,0,0,0,0,4,0,0,4,0,0,0,0,0,0,0,0,0,0,0,0,0,0,0,0,8,0,0,8,4,148,152,0,0,0,6,5,5,0,1188,8,1,1197,224,1421,107,10,0,117,4,121,8,15,59,65,4,151,1,152,45,1,0,2,48,4,0,2,0,6,54,19/03/2010,10/10/2011,19/03/2010,27.09602649
2012,303,YORK CITY,156,100,256,65,33,98,221,133,354,348,331,679,1,1,2,349,332,681,504,431,935,66,34,100,570,465,1035,1,0,338,16,354,64,32,5,1,1,0,0,0,0,0,0,0,0,1,0,0,0,0,0,0,9,2,11,0,0,0,0,0,0,4,3,7,1,0,1,0,0,0,19,0,19,26,16,42,0,0,0,17,6,23,3,1,4,0,0,0,0,0,0,79,28,107,2,0,4,23,16,62,0,1,0,0,1,0,0,0,0,0,0,0,0,0,0,0,0,0,0,0,0,0,0,0,0,0,0,0,0,0,0,0,0,1,0,0,1,0,108,108,0,0,0,4,0,0,0,905,13,3,921,14,935,92,6,2,100,0,100,2,20,27,49,10,108,0,108,48,18,8,9,83,0,0,0,2,2,85,22/03/2007,26/11/2007,22/03/2007,31.06018519
2012,304,North Yorkshire Eastern District,263,189,452,106,35,141,369,224,593,206,251,457,1,2,3,207,253,460,469,440,909,107,37,144,576,477,1053,3,0,580,13,593,111,74,10,5,0,0,0,0,0,0,0,0,0,0,1,0,1,0,0,0,22,7,29,0,0,0,0,0,0,0,0,0,0,0,0,0,0,0,10,1,11,28,14,42,0,0,0,13,6,19,5,2,7,0,0,0,3,1,4,82,31,113,3,2,9,21,33,45,0,2,0,0,2,0,0,0,0,0,0,0,0,2,0,0,2,0,0,0,0,0,0,0,0,0,0,0,0,0,0,0,0,4,0,0,4,0,117,117,0,0,0,23,2,2,0,880,16,3,899,10,909,122,17,2,141,3,144,2,24,77,10,1,114,3,117,48,0,0,0,48,3,0,0,2,5,53,10/07/2012,13/07/2009,13/07/2009,19.13596491
2012,305,North Yorkshire Western District,185,121,306,64,34,98,249,155,404,287,419,706,9,5,14,296,424,720,472,540,1012,73,39,112,545,579,1124,0,0,383,21,404,80,62,13,10,0,0,0,1,0,0,0,0,0,1,1,0,1,0,0,0,24,6,30,0,0,0,0,2,2,2,0,2,0,0,0,0,0,0,5,0,5,20,11,31,0,0,0,12,8,20,2,0,2,0,0,0,9,7,16,75,34,109,2,3,7,26,31,40,0,0,0,0,0,0,0,0,0,0,0,0,0,5,0,0,5,0,0,0,0,0,0,0,0,0,0,0,0,0,0,0,0,5,0,0,5,1,113,114,0,0,0,21,10,10,0,970,8,3,981,31,1012,88,15,6,109,3,112,5,26,57,14,7,109,5,114,32,3,4,2,41,1,0,1,1,3,44,26/01/2008,14/02/2008,26/01/2008,22.37155963
2012,306,South Yorkshire Eastern District,563,468,1031,256,89,345,819,557,1376,537,513,1050,12,8,20,549,521,1070,1100,981,2081,268,97,365,1368,1078,2446,8,0,1331,45,1376,334,131,22,22,1,0,0,0,0,0,0,1,0,2,2,1,3,0,0,0,29,7,36,0,0,0,0,0,0,3,0,3,1,0,1,0,0,0,54,4,58,74,30,104,0,0,0,53,24,77,17,4,21,0,0,0,70,35,105,303,105,408,7,6,20,84,89,202,0,6,0,0,6,1,0,0,1,0,0,0,0,4,0,0,4,0,0,0,0,0,0,0,0,0,0,0,0,0,0,0,0,11,0,0,11,0,419,419,0,0,0,7,2,1,0,2017,42,1,2060,21,2081,270,81,9,360,5,365,43,44,132,103,88,410,9,419,119,39,24,17,199,3,1,0,0,4,203,18/10/2005,25/06/2012,18/10/2005,33.84634146
2012,307,South Yorkshire Western District,599,401,1000,373,164,537,972,565,1537,730,725,1455,40,35,75,770,760,1530,1329,1126,2455,413,199,612,1742,1325,3067,55,0,1423,114,1537,573,206,43,24,0,0,0,0,0,0,0,0,0,0,1,0,1,0,0,0,40,4,44,0,0,0,0,0,0,0,2,2,0,0,0,0,0,0,103,4,107,69,44,113,0,0,0,103,67,170,4,1,5,0,0,0,57,61,118,377,183,560,9,9,17,72,128,325,0,9,0,0,9,5,0,0,5,0,0,0,0,2,0,0,2,0,0,0,0,0,0,0,0,0,0,0,0,0,0,0,0,16,0,0,16,3,573,576,0,0,0,1,0,0,0,2270,4,6,2280,175,2455,587,14,6,607,5,612,76,62,118,222,93,571,5,576,206,94,42,6,348,3,2,1,2,8,356,09/09/2009,18/11/2009,09/09/2009,32.88441331
2012,308,West Yorkshire Eastern District,584,417,1001,388,132,520,972,549,1521,967,1019,1986,44,30,74,1011,1049,2060,1551,1436,2987,432,162,594,1983,1598,3581,33,0,1412,109,1521,480,301,79,30,9,0,0,0,0,0,0,0,0,9,3,3,6,0,0,0,72,16,88,0,0,0,0,0,0,5,2,7,6,0,6,0,0,0,74,4,78,87,49,136,0,0,0,90,42,132,26,9,35,0,0,0,33,19,52,396,144,540,14,11,30,125,135,225,0,7,0,0,7,2,0,0,2,0,0,0,0,22,0,0,22,0,0,0,0,0,0,0,0,0,0,0,0,0,0,0,0,31,0,0,31,19,552,571,0,0,0,1,3,3,0,2670,36,11,2717,270,2987,444,128,13,585,9,594,101,85,192,125,59,562,9,571,179,56,37,12,284,3,0,2,5,10,294,25/06/2004,31/10/2006,25/06/2004,25.20284698
2012,309,West Yorkshire Western District,739,478,1217,315,152,467,1054,630,1684,684,827,1511,21,7,28,705,834,1539,1423,1305,2728,336,159,495,1759,1464,3223,2,0,1622,62,1684,117,99,131,46,0,0,0,0,0,0,0,0,0,0,1,2,3,1,0,1,46,17,63,0,0,0,0,0,0,4,0,4,2,0,2,0,0,0,32,5,37,68,49,117,0,0,0,71,38,109,29,10,39,0,0,0,32,18,50,286,139,425,11,10,15,102,130,157,0,9,0,0,9,1,0,0,1,0,0,0,0,10,0,0,10,0,0,0,0,0,0,0,0,1,0,0,1,0,0,0,0,21,0,0,21,3,443,446,0,0,0,0,1,1,0,2347,11,6,2364,364,2728,471,10,8,489,6,495,22,59,149,154,52,436,10,446,202,62,30,7,301,3,1,2,5,11,312,13/07/2006,05/05/2009,13/07/2006,30.75802752
2012,401,Derby and South Derbyshire,465,329,794,216,80,296,681,409,1090,709,739,1448,11,4,15,720,743,1463,1174,1068,2242,227,84,311,1401,1152,2553,1,0,1076,14,1090,280,172,37,11,2,0,0,0,0,0,0,0,2,4,0,0,0,0,0,0,36,7,43,0,0,0,0,0,0,0,0,0,0,0,0,0,0,0,54,1,55,49,19,68,0,0,0,38,21,59,4,3,7,0,0,0,38,27,65,219,78,297,6,2,9,52,59,169,0,9,0,0,9,1,0,0,1,0,0,0,0,1,0,0,1,0,0,0,0,0,0,0,0,0,0,0,0,0,0,0,0,11,0,0,11,10,298,308,0,0,0,4,4,4,0,1153,82,6,1241,1001,2242,213,86,10,309,2,311,12,38,106,102,44,302,6,308,116,30,14,11,171,0,0,0,2,2,173,08/09/2009,18/11/2009,08/09/2009,32.29470199
2012,402,North Derbyshire,377,268,645,173,97,270,550,365,915,601,625,1226,10,2,12,611,627,1238,978,893,1871,183,99,282,1161,992,2153,9,0,900,15,915,224,144,10,18,0,0,0,0,0,0,0,0,0,0,1,0,1,0,0,0,8,0,8,0,0,0,0,0,0,1,0,1,6,2,8,0,0,0,46,0,46,23,33,56,0,0,0,39,20,59,8,3,11,0,0,0,27,16,43,159,74,233,3,1,6,34,53,136,0,4,0,0,4,0,0,0,0,0,0,0,0,18,0,0,18,0,0,0,0,0,0,0,0,0,0,0,0,0,0,0,0,22,0,0,22,2,253,255,0,0,0,3,1,1,0,1773,51,1,1825,46,1871,228,41,6,275,7,282,28,66,80,51,27,252,3,255,75,38,19,19,151,0,4,1,0,5,156,29/05/2008,14/10/2011,29/05/2008,24.92857143
2012,403,Leicester city and South Leicestershire,276,173,449,250,114,364,526,287,813,1330,1193,2523,71,34,105,1401,1227,2628,1606,1366,2972,321,148,469,1927,1514,3441,125,0,762,51,813,228,181,54,16,3,1,0,4,0,0,0,0,0,8,2,2,4,0,0,0,25,5,30,0,0,0,0,0,0,0,0,0,0,0,0,0,0,0,26,4,30,60,31,91,0,1,1,99,55,154,10,6,16,0,0,0,40,31,71,262,135,397,19,4,13,63,89,209,0,7,0,0,7,1,0,0,1,0,0,0,0,5,0,0,5,0,0,0,0,0,0,0,0,2,0,0,2,0,0,0,0,15,0,0,15,7,405,412,0,0,0,12,3,3,0,2871,28,1,2900,72,2972,400,52,14,466,3,469,121,114,77,64,32,408,4,412,103,48,14,4,169,1,1,0,1,3,172,08/02/2010,08/09/2010,08/02/2010,19.1629902
2012,404,Rutland and North Leicestershire,145,111,256,152,51,203,297,162,459,325,330,655,10,12,22,335,342,677,470,441,911,162,63,225,632,504,1136,6,0,452,7,459,90,143,6,17,0,0,0,0,0,0,0,0,0,0,1,2,3,0,0,0,30,7,37,0,0,0,0,0,0,0,0,0,0,0,0,0,0,0,10,1,11,49,27,76,0,0,0,55,23,78,5,4,9,0,0,0,10,10,20,160,74,234,5,5,17,49,66,92,0,2,0,0,2,0,0,0,0,0,0,0,0,5,0,0,5,0,0,0,0,0,0,0,0,0,0,0,0,0,0,0,0,7,0,0,7,2,239,241,0,0,1,6,4,4,0,869,6,3,878,33,911,188,22,8,218,7,225,25,68,72,42,29,236,5,241,60,17,8,6,91,3,3,1,3,10,101,18/03/2010,16/06/2010,18/03/2010,25.20762712
2012,406,Central Lincolnshire,402,291,693,109,54,163,511,345,856,661,711,1372,12,3,15,673,714,1387,1063,1002,2065,121,57,178,1184,1059,2243,0,0,856,0,856,78,96,17,9,0,0,0,0,0,0,0,0,0,0,1,1,2,0,0,0,26,5,31,0,0,0,0,0,0,2,0,2,10,3,13,0,0,0,14,4,18,29,17,46,0,0,0,16,13,29,32,8,40,0,0,0,13,9,22,143,60,203,8,1,12,47,55,80,0,4,0,0,4,0,0,0,0,0,0,0,0,13,0,0,13,0,0,0,0,0,0,0,0,0,0,0,0,0,0,0,0,17,0,0,17,2,218,220,0,0,0,56,22,22,0,2006,41,0,2047,18,2065,151,26,0,177,1,178,17,59,78,36,24,214,6,220,41,12,2,1,56,0,0,0,0,0,56,06/07/2009,n/a,06/07/2009,24.96728972
2012,408,South Lincolnshire,206,159,365,86,28,114,292,187,479,280,331,611,3,1,4,283,332,615,486,490,976,89,29,118,575,519,1094,3,0,475,4,479,40,54,17,2,1,0,0,0,0,0,0,0,0,1,1,2,3,0,0,0,17,5,22,0,0,0,0,0,0,2,0,2,0,0,0,0,0,0,8,2,10,25,12,37,0,0,0,10,7,17,2,1,3,0,0,0,6,6,12,71,35,106,4,2,7,22,25,46,0,0,0,0,0,1,0,0,1,0,0,0,0,3,0,0,3,0,0,0,0,0,0,0,0,0,0,0,0,0,0,0,0,4,0,0,4,3,107,110,0,0,0,1,0,0,0,962,8,1,971,5,976,86,26,5,117,1,118,18,29,35,24,4,110,0,110,30,8,3,1,42,0,1,1,0,2,44,12/11/2009,18/07/2011,12/11/2009,20.19545455
2012,409,NORTHAMPTONSHIRE,453,369,822,188,68,256,641,437,1078,769,827,1596,15,10,25,784,837,1621,1222,1196,2418,203,78,281,1425,1274,2699,3,0,1071,7,1078,363,161,36,12,2,0,0,0,0,0,0,0,0,2,0,0,0,0,0,0,35,7,42,0,0,0,0,0,0,0,0,0,0,0,0,0,0,0,23,3,26,57,36,93,0,0,0,31,15,46,11,2,13,0,0,0,9,7,16,166,70,236,5,3,21,61,77,69,0,0,0,0,0,0,0,0,0,0,0,0,0,4,0,0,4,0,0,0,0,0,0,0,0,0,0,0,0,0,0,0,0,4,0,0,4,3,237,240,0,0,0,0,3,3,0,2203,172,12,2387,31,2418,115,142,21,278,3,281,2,10,112,94,19,237,3,240,126,45,16,6,193,0,1,0,1,2,195,11/12/2004,23/07/2010,11/12/2004,30.94514768
2012,410,NOTTINGHAMSHIRE,681,413,1094,407,145,552,1088,558,1646,2188,2139,4327,82,35,117,2270,2174,4444,2869,2552,5421,489,180,669,3358,2732,6090,79,0,1641,5,1646,319,286,68,42,9,0,0,3,1,0,0,0,2,15,4,0,4,0,0,0,27,6,33,0,0,0,0,0,0,1,0,1,0,0,0,0,0,0,133,3,136,62,43,105,0,0,0,51,37,88,56,16,72,0,0,0,75,40,115,409,145,554,12,11,24,91,115,301,0,4,0,0,4,3,0,0,3,0,0,0,0,9,0,0,9,0,0,0,0,0,0,0,0,0,0,0,0,0,0,0,0,16,0,0,16,4,566,570,0,0,0,7,6,6,0,5220,120,11,5351,70,5421,391,241,25,657,12,669,271,50,63,123,56,563,7,570,157,67,15,5,244,3,3,0,0,6,250,02/08/2010,04/02/2012,02/08/2010,20.48579041
2012,501,HEREFORDSHIRE,128,123,251,52,21,73,180,144,324,211,233,444,1,0,1,212,233,445,339,356,695,53,21,74,392,377,769,0,0,273,51,324,31,23,9,6,0,0,0,0,0,0,0,0,0,0,0,0,0,0,0,0,8,3,11,0,0,0,0,0,0,0,0,0,0,0,0,0,0,0,8,1,9,14,10,24,0,0,0,9,7,16,6,0,6,0,0,0,3,1,4,48,22,70,2,0,4,10,23,31,0,0,0,0,0,0,0,0,0,0,0,0,0,0,0,0,0,0,0,0,0,0,0,0,0,0,0,0,0,0,0,0,0,0,0,0,0,0,70,70,0,0,0,3,2,2,0,683,7,0,690,5,695,67,5,1,73,1,74,1,12,30,19,8,70,0,70,23,1,2,1,27,1,0,0,1,2,29,16/01/2010,16/12/2010,16/01/2010,29.17142857
2012,502,Mid and North Shropshire,157,109,266,56,24,80,213,133,346,254,269,523,10,3,13,264,272,536,411,378,789,66,27,93,477,405,882,13,0,315,31,346,48,45,9,10,1,0,0,0,0,0,0,0,0,1,0,0,0,0,0,0,14,4,18,0,0,0,0,0,0,0,0,0,0,0,0,0,0,0,9,0,9,23,8,31,0,0,0,3,2,5,0,0,0,0,0,0,12,7,19,61,21,82,4,0,9,18,21,30,0,0,0,0,0,1,0,0,1,0,0,0,0,1,0,0,1,0,0,0,0,0,0,0,0,1,0,0,1,0,0,0,0,3,0,0,3,4,81,85,0,0,0,4,3,3,0,734,9,1,744,45,789,70,19,1,90,3,93,13,7,36,20,7,83,2,85,36,3,1,0,40,1,1,0,0,2,42,12/07/2011,17/05/2012,12/07/2011,25.42168675
2012,503,South Shropshire,53,34,87,28,9,37,81,43,124,53,53,106,1,0,1,54,53,107,106,87,193,29,9,38,135,96,231,0,0,123,1,124,18,24,1,2,0,0,0,0,0,0,0,0,0,0,0,0,0,0,0,0,6,4,10,0,0,0,0,0,0,0,0,0,0,0,0,0,0,0,1,0,1,6,4,10,0,0,0,3,0,3,1,0,1,0,0,0,4,2,6,21,10,31,1,0,2,9,6,13,0,0,0,0,0,0,0,0,0,0,0,0,0,3,0,0,3,0,0,0,0,0,0,0,0,0,0,0,0,0,0,0,0,3,0,0,3,2,32,34,0,0,0,3,1,1,0,182,5,0,187,6,193,31,5,1,37,1,38,1,6,15,10,2,34,0,34,12,1,0,0,13,1,0,0,0,1,14,14/06/2012,17/08/2012,14/06/2012,26.04411765
2012,504,Staffordshire South,299,228,527,191,101,292,490,329,819,637,709,1346,54,29,83,691,738,1429,936,937,1873,245,130,375,1181,1067,2248,4,0,805,14,819,198,111,17,13,3,0,0,0,0,0,0,0,0,3,0,0,0,0,0,0,42,10,52,0,0,0,0,0,0,0,0,0,1,1,2,0,0,0,53,1,54,71,79,150,0,0,0,49,14,63,2,1,3,0,0,0,16,11,27,234,117,351,7,1,12,46,55,230,0,2,0,0,2,1,0,0,1,0,0,0,0,6,0,0,6,0,0,0,0,0,0,0,0,0,0,0,0,0,0,0,0,9,0,0,9,6,354,360,1,0,0,12,5,5,0,1704,10,1,1715,158,1873,345,23,4,372,3,375,4,89,150,104,11,358,2,360,118,21,4,4,147,1,1,1,2,5,152,02/02/2009,24/06/2009,02/02/2009,23.87709497
2012,505,Stoke-on-Trent and North Staffordshire,565,421,986,299,128,427,864,549,1413,1205,1248,2453,21,16,37,1226,1264,2490,1770,1669,3439,320,144,464,2090,1813,3903,52,0,1379,34,1413,629,66,29,14,0,0,0,0,1,0,0,0,0,1,2,1,3,0,0,0,39,12,51,0,0,0,0,1,1,6,0,6,1,0,1,0,0,0,47,2,49,71,68,139,0,0,0,51,27,78,11,5,16,0,0,0,101,50,151,329,166,495,14,3,20,53,93,312,0,4,0,0,4,0,0,0,0,0,0,0,0,5,0,0,5,0,0,0,0,0,0,0,0,0,0,0,0,0,0,0,0,9,0,0,9,3,501,504,0,0,0,5,2,2,0,3288,121,0,3409,30,3439,356,98,6,460,4,464,85,73,92,174,76,500,4,504,124,28,13,1,166,3,0,2,2,7,173,06/04/2009,28/07/2010,06/04/2009,30.492
2012,506,TELFORD AND WREKIN,140,115,255,44,24,68,184,139,323,162,211,373,10,3,13,172,214,386,302,326,628,54,27,81,356,353,709,4,0,297,26,323,37,0,5,4,0,0,0,0,0,0,0,0,0,0,0,0,0,0,0,0,15,7,22,0,0,0,0,0,0,0,0,0,0,0,0,0,0,0,8,0,8,14,4,18,0,0,0,7,7,14,0,0,0,0,0,0,16,10,26,60,28,88,1,0,3,21,17,46,0,0,0,0,0,0,0,0,0,0,0,0,0,1,0,0,1,0,0,0,0,0,0,0,0,0,0,0,0,0,0,0,0,1,0,0,1,3,86,89,0,0,0,0,0,0,0,581,11,1,593,35,628,60,18,1,79,2,81,3,25,39,14,4,85,4,89,16,1,0,0,17,1,0,0,0,1,18,14/03/2012,21/09/2012,14/03/2012,21.62941176
2012,507,WARWICKSHIRE,305,251,556,131,46,177,436,297,733,458,534,992,18,6,24,476,540,1016,763,785,1548,149,52,201,912,837,1749,7,0,729,4,733,76,115,18,13,0,0,0,0,0,0,0,0,0,0,0,0,0,0,0,0,39,8,47,0,0,0,0,0,0,6,0,6,1,1,2,0,0,0,10,0,10,40,21,61,0,0,0,28,17,45,9,4,13,0,0,0,18,5,23,151,56,207,4,4,20,66,49,64,0,5,0,0,5,0,0,0,0,0,0,0,0,8,0,0,8,0,0,0,0,0,0,0,0,1,0,0,1,0,0,0,0,14,0,0,14,7,214,221,0,0,0,24,11,11,0,1103,15,4,1122,426,1548,171,21,6,198,3,201,19,75,70,35,17,216,5,221,28,4,1,0,33,0,0,0,1,1,34,07/01/2011,15/10/2009,15/10/2009,22.00462963
2012,508,Birmingham and Solihull,618,344,962,455,192,647,1073,536,1609,1769,1612,3381,289,255,544,2058,1867,3925,2387,1956,4343,744,447,1191,3131,2403,5534,61,8,1607,2,1609,297,401,220,40,3,0,0,7,0,0,0,1,0,11,2,0,2,0,0,0,29,11,40,0,0,0,0,0,0,0,0,0,1,0,1,0,0,0,36,11,47,47,32,79,1,0,1,244,114,358,24,8,32,0,0,0,287,235,522,671,411,1082,36,13,22,106,227,678,0,12,0,0,12,1,0,0,1,0,0,0,0,5,0,0,5,0,0,0,0,0,0,0,0,0,0,0,0,0,0,0,0,18,0,0,18,14,1086,1100,0,0,0,0,0,0,0,4206,119,18,4343,8,4351,845,289,53,1187,4,1191,440,23,177,261,194,1095,5,1100,353,241,148,204,946,2,2,1,14,19,965,11/06/2001,27/06/2000,27/06/2000,27.42328767
2012,509,Black Country,436,212,648,306,124,430,742,336,1078,1593,1508,3101,58,32,90,1651,1540,3191,2029,1720,3749,364,156,520,2393,1876,4269,7,2,941,137,1078,204,187,80,37,1,0,0,0,0,0,0,0,0,1,4,4,8,1,0,1,36,8,44,0,0,0,0,0,0,3,0,3,0,0,0,0,0,0,39,4,43,55,26,81,0,0,0,122,72,194,7,2,9,0,0,0,38,31,69,305,147,452,19,8,24,87,116,198,0,6,0,0,6,0,0,0,0,0,0,0,0,8,0,0,8,0,0,0,0,0,0,0,0,0,0,0,0,0,0,0,0,14,0,0,14,5,461,466,0,0,0,0,0,0,0,3584,31,0,3615,136,3751,405,83,29,517,3,520,68,62,161,130,42,463,3,466,163,52,33,9,257,3,0,0,2,5,262,08/08/2008,30/04/2010,08/08/2008,26.17170626
2012,510,Coventry,238,151,389,91,36,127,329,187,516,652,655,1307,23,22,45,675,677,1352,890,806,1696,114,58,172,1004,864,1868,19,0,445,71,516,76,45,41,10,0,0,0,0,0,0,0,0,0,0,0,0,0,0,0,0,18,0,18,0,0,0,0,1,1,5,0,5,3,0,3,0,0,0,7,2,9,34,35,69,0,0,0,36,17,53,8,3,11,0,0,0,4,6,10,115,64,179,5,3,5,34,45,87,0,4,0,0,4,1,0,0,1,0,0,0,0,3,0,0,3,0,0,0,0,0,0,0,0,0,0,0,0,0,0,0,0,8,0,0,8,0,187,187,0,0,0,0,0,0,0,1261,24,2,1287,409,1696,137,23,10,170,2,172,55,41,61,28,1,186,1,187,26,3,3,0,32,0,1,0,1,2,34,29/11/2011,11/05/2010,11/05/2010,15.40591398
2012,512,WORCESTERSHIRE,419,299,718,164,98,262,583,397,980,723,936,1659,41,15,56,764,951,1715,1142,1235,2377,205,113,318,1347,1348,2695,1,0,943,37,980,121,128,13,22,3,0,0,0,0,0,0,0,,3,1,0,1,0,0,0,40,9,49,0,0,0,0,0,0,2,0,2,5,0,5,0,0,0,20,1,21,50,30,80,0,0,0,62,37,99,11,9,20,0,0,0,23,18,41,214,104,318,5,4,22,54,82,151,0,2,0,0,2,1,0,0,1,0,0,0,0,2,0,0,2,0,0,0,0,0,0,0,0,1,0,0,1,0,0,0,0,6,0,0,6,12,312,324,0,0,0,6,3,2,0,2344,5,0,2349,28,2377,303,5,2,310,8,318,23,173,108,9,9,322,2,324,71,3,5,1,80,2,1,0,1,4,84,22/10/2010,20/04/2009,20/04/2009,14.83229814
2012,601,BEDFORDSHIRE AND LUTON,344,214,558,107,50,157,451,264,715,555,683,1238,30,10,40,585,693,1278,899,897,1796,137,60,197,1036,957,1993,0,0,678,37,715,111,125,102,12,1,0,0,0,0,0,0,0,1,2,0,0,0,0,0,0,38,8,46,0,0,0,0,0,0,5,0,5,0,0,0,0,0,0,17,3,20,37,17,54,0,0,0,28,20,48,8,2,10,0,0,0,4,1,5,137,51,188,7,3,9,58,61,50,0,9,0,0,9,1,0,0,1,0,0,0,0,5,0,0,5,0,0,0,0,0,0,0,0,0,0,0,0,0,0,0,0,15,0,0,15,5,198,203,0,0,0,13,1,1,0,1738,34,1,1773,23,1796,158,32,4,194,3,197,20,66,75,31,8,200,3,203,38,5,4,0,47,2,0,2,0,4,51,28/11/2011,27/06/2011,27/06/2011,19.5925
2012,602,North and East Cambridgeshire,81,65,146,26,18,44,107,83,190,68,102,170,8,7,15,76,109,185,149,167,316,34,25,59,183,192,375,0,0,187,3,190,21,31,5,4,1,0,0,0,0,0,0,0,0,1,0,0,0,0,0,0,7,1,8,0,0,0,0,0,0,2,0,2,0,0,0,0,0,0,5,1,6,10,5,15,0,0,0,4,4,8,2,0,2,0,0,0,4,1,5,34,12,46,0,0,2,13,17,14,0,0,0,0,0,0,0,0,0,0,0,0,0,2,0,0,2,0,0,0,0,0,0,0,0,0,0,0,0,0,0,0,0,2,0,0,2,2,46,48,0,0,0,4,1,1,0,284,10,1,295,21,316,48,8,2,58,1,59,4,8,20,12,1,45,3,48,23,5,3,0,31,0,0,0,0,0,31,12/09/2011,n/a,12/09/2011,22.4
2012,603,South and West Cambridgeshire,257,197,454,90,56,146,347,253,600,639,650,1289,44,13,57,683,663,1346,896,847,1743,134,69,203,1030,916,1946,48,0,497,103,600,101,67,45,22,1,0,0,0,0,0,0,0,0,1,0,0,0,0,0,0,19,8,27,0,0,0,0,0,0,0,0,0,0,0,0,0,0,0,18,3,21,29,19,48,0,0,0,31,20,51,3,2,5,0,0,0,23,22,45,123,74,197,8,3,14,35,62,74,1,3,0,0,3,1,0,0,1,0,0,0,0,8,0,0,8,0,0,0,0,0,0,0,0,0,0,0,0,0,0,0,0,12,0,0,12,4,205,209,0,0,0,22,5,5,0,1591,58,3,1652,91,1743,167,25,3,195,8,203,30,50,55,54,16,205,4,209,62,13,4,0,79,6,1,2,0,9,88,03/10/2011,15/02/2011,15/02/2011,23.96341463
2012,604,ESSEX AND THURROCK,1369,1138,2507,369,156,525,1738,1294,3032,871,1086,1957,5,1,6,876,1087,1963,2240,2224,4464,374,157,531,2614,2381,4995,5,1,2461,571,3032,606,345,48,12,2,0,0,2,0,0,0,1,2,7,5,2,7,0,0,0,54,19,73,0,0,0,0,0,0,0,0,0,0,0,0,0,0,0,68,4,72,98,52,150,0,0,0,68,35,103,56,12,68,0,0,0,35,27,62,384,151,535,6,10,28,121,147,223,0,5,0,0,5,2,0,0,2,0,0,0,0,14,0,0,14,0,0,0,0,0,0,0,0,0,0,0,0,0,0,0,0,21,0,0,21,38,518,556,0,0,0,83,12,12,0,2487,1742,8,4237,228,4465,246,265,16,527,4,531,78,181,92,78,103,532,24,556,153,47,24,11,235,1,0,0,3,4,239,26/11/2009,15/10/2009,15/10/2009,27.54699248
2012,605,HERTFORDSHIRE,706,577,1283,208,93,301,914,670,1584,702,773,1475,62,30,92,764,803,1567,1408,1350,2758,270,123,393,1678,1473,3151,4,0,1550,34,1584,157,203,74,56,0,0,0,0,0,0,0,0,0,0,2,1,3,0,0,0,50,7,57,0,0,0,1,0,1,1,0,1,0,2,2,0,0,0,24,1,25,73,49,122,0,0,0,41,32,73,3,2,5,0,0,0,23,23,46,218,117,335,6,13,20,70,97,129,0,6,0,0,6,0,0,0,0,0,0,0,0,6,0,0,6,0,0,0,0,0,0,0,0,0,0,0,0,0,0,0,0,12,0,0,12,0,347,347,0,0,0,8,7,7,0,2582,59,9,2650,108,2758,329,39,6,374,19,393,16,94,151,65,6,332,15,347,135,18,3,0,156,9,5,1,4,19,175,25/05/2011,27/07/2007,27/07/2007,20.41114458
2012,607,NORFOLK,726,559,1285,249,100,349,975,659,1634,922,980,1902,117,58,175,1039,1038,2077,1648,1539,3187,366,158,524,2014,1697,3711,7,0,1627,7,1634,205,182,31,23,5,0,0,1,0,0,0,0,0,6,1,0,1,0,0,0,43,11,54,0,0,0,0,0,0,0,0,0,0,0,0,0,0,0,51,5,56,100,46,146,0,0,0,80,35,115,1,0,1,0,0,0,58,46,104,334,143,477,8,7,20,96,117,229,0,3,0,0,3,3,0,0,3,0,0,0,0,5,0,0,5,0,0,0,0,0,0,0,0,0,0,0,0,0,0,0,0,11,0,0,11,13,475,488,0,0,0,68,31,31,0,2950,92,5,3047,140,3187,416,96,7,519,5,524,106,116,128,99,35,484,4,488,122,24,15,1,162,2,1,1,3,7,169,15/07/2010,20/04/2009,20/04/2009,21.38429752
2012,609,PETERBOROUGH,128,103,231,72,34,106,200,137,337,328,378,706,6,1,7,334,379,713,456,481,937,78,35,113,534,516,1050,15,0,310,27,337,45,41,36,7,3,0,0,1,0,0,0,0,0,4,0,0,0,0,0,0,16,3,19,0,0,0,0,0,0,0,0,0,0,0,0,0,0,0,9,2,11,9,8,17,0,0,0,10,7,17,4,0,4,0,0,0,8,4,12,56,24,80,2,0,4,22,16,36,0,2,0,0,2,0,0,0,0,0,0,0,0,1,0,0,1,0,0,0,0,0,0,0,0,0,0,0,0,0,0,0,0,3,0,0,3,4,79,83,0,0,0,0,0,0,0,916,5,1,922,15,937,90,19,2,111,2,113,5,26,31,14,7,83,0,83,36,4,8,4,52,2,0,1,0,3,55,02/05/2006,10/10/2011,02/05/2006,23.27108434
2012,610,SOUTHEND-ON-SEA,283,267,550,92,53,145,375,320,695,244,305,549,8,5,13,252,310,562,527,572,1099,100,58,158,627,630,1257,0,0,644,51,695,216,100,10,2,0,0,0,0,0,0,0,0,0,0,0,1,1,0,0,0,9,2,11,0,0,0,0,1,1,0,0,0,0,0,0,0,0,0,9,3,12,9,1,10,0,0,0,18,6,24,3,2,5,0,0,0,22,12,34,70,28,98,3,0,2,18,32,43,0,1,0,0,1,0,0,0,0,0,0,0,0,2,0,0,2,0,0,0,0,0,0,0,0,1,0,0,1,0,0,0,0,4,0,0,4,5,97,102,0,0,0,0,0,0,0,405,406,2,813,286,1099,70,83,5,158,0,158,2,2,16,33,49,102,0,102,87,53,78,50,268,0,0,0,0,0,268,20/03/2006,n/a,20/03/2006,53.05882353
2012,611,SUFFOLK,502,378,880,161,77,238,663,455,1118,680,802,1482,26,18,44,706,820,1526,1182,1180,2362,187,95,282,1369,1275,2644,5,0,1086,32,1118,277,149,19,20,0,0,0,2,0,0,0,0,0,2,0,2,2,0,0,0,30,5,35,0,0,0,0,0,0,0,0,0,0,0,0,0,0,0,19,1,20,33,13,46,1,0,1,30,13,43,16,12,28,0,0,0,39,40,79,168,86,254,5,4,10,55,82,98,0,7,0,0,7,1,0,0,1,0,0,0,0,1,0,0,1,0,0,0,0,0,0,0,0,0,0,0,0,0,0,0,0,9,0,0,9,1,262,263,0,0,0,29,6,4,0,1747,17,6,1770,592,2362,236,32,6,274,8,282,18,67,98,47,28,258,5,263,73,26,16,12,127,3,1,0,2,6,133,09/12/2006,31/12/2007,09/12/2006,25.34108527
2012,701,City of London,16,4,20,12,6,18,28,10,38,53,30,83,3,0,3,56,30,86,69,34,103,15,6,21,84,40,124,0,0,35,3,38,3,7,19,0,1,0,0,0,0,0,0,0,0,1,0,0,0,0,0,0,3,3,6,0,0,0,0,0,0,0,0,0,0,0,0,0,0,0,2,0,2,3,1,4,0,0,0,1,0,1,1,2,3,0,0,0,2,0,2,12,6,18,0,0,2,8,6,2,0,1,0,0,1,0,0,0,0,0,0,0,0,0,0,0,0,0,0,0,0,0,0,0,0,0,0,0,0,0,0,0,0,1,0,0,1,2,17,19,0,0,0,1,10,4,0,96,1,1,98,5,103,16,4,1,21,0,21,2,3,5,4,5,19,0,19,5,1,0,1,7,0,0,0,0,0,7,02/09/2010,n/a,02/09/2010,35.39473684
2012,702,East London,704,485,1189,277,115,392,981,600,1581,790,889,1679,12,0,12,802,889,1691,1494,1374,2868,289,115,404,1783,1489,3272,25,0,1558,23,1581,62,66,208,31,0,0,0,0,0,0,0,0,0,0,1,0,1,0,0,0,33,9,42,0,0,0,0,0,0,0,1,1,0,0,0,0,0,0,40,7,47,48,24,72,0,0,0,48,27,75,52,9,61,0,0,0,11,15,26,233,92,325,13,5,24,80,90,113,0,12,0,0,12,2,0,0,2,0,0,0,0,8,0,0,8,0,0,0,0,0,0,0,0,1,0,0,1,0,0,0,0,23,0,0,23,3,345,348,0,0,0,0,0,0,0,2129,11,9,2149,719,2868,278,80,42,400,4,404,23,42,115,134,32,346,2,348,132,51,24,18,225,3,1,2,8,14,239,30/05/2006,17/05/2006,17/05/2006,29.70375723
2012,703,Inner North London,491,292,783,316,119,435,807,411,1218,710,589,1299,86,43,129,796,632,1428,1201,881,2082,402,162,564,1603,1043,2646,130,0,1201,17,1218,172,120,505,2,3,1,0,3,0,0,0,0,0,7,3,0,3,0,0,0,28,11,39,0,0,0,0,0,0,13,2,15,15,2,17,0,0,0,23,5,28,62,29,91,0,0,0,110,59,169,73,27,100,0,0,0,22,14,36,349,149,498,14,12,28,149,145,150,0,23,0,0,23,0,0,0,0,0,0,0,0,8,0,0,8,0,0,0,0,0,0,0,0,2,0,0,2,0,0,0,0,33,0,0,33,2,529,531,0,0,0,3,2,2,0,1994,38,10,2042,40,2082,282,119,163,564,0,564,161,188,134,29,19,531,0,531,112,25,9,10,156,0,0,0,0,0,156,23/11/2006,n/a,23/11/2006,13.88323917
2012,704,Inner South London,686,464,1150,363,194,557,1049,658,1707,793,685,1478,19,5,24,812,690,1502,1479,1149,2628,382,199,581,1861,1348,3209,63,0,1676,31,1707,118,76,316,25,3,1,0,2,0,0,0,0,0,6,1,0,1,0,0,0,28,8,36,0,0,0,0,0,0,1,2,3,3,2,5,0,0,0,21,1,22,46,21,67,0,0,0,69,41,110,53,14,67,0,0,0,61,42,103,283,131,414,15,10,21,109,125,134,0,30,0,0,30,3,0,0,3,0,0,0,0,8,0,0,8,0,0,0,0,0,0,0,0,0,0,0,0,0,0,0,0,41,0,0,41,9,446,455,0,0,0,5,0,0,0,2176,36,5,2217,411,2628,310,201,68,579,2,581,8,43,247,97,48,443,12,455,257,78,52,51,438,1,1,8,7,17,455,10/05/2006,21/07/2008,10/05/2006,28.57223476
2012,705,Inner West London,449,326,775,257,143,400,706,469,1175,682,607,1289,37,16,53,719,623,1342,1131,933,2064,294,159,453,1425,1092,2517,97,0,1145,30,1175,75,86,302,38,2,0,0,0,0,0,0,0,0,2,1,0,1,0,0,0,31,10,41,0,0,0,0,0,0,8,2,10,4,0,4,0,0,0,12,0,12,60,40,100,0,0,0,89,37,126,31,17,48,0,0,0,42,31,73,278,137,415,10,6,19,99,120,161,0,4,0,0,4,1,0,0,1,0,0,0,0,3,0,0,3,0,0,0,0,0,0,0,0,0,0,0,0,0,0,0,0,8,0,0,8,6,417,423,0,0,0,1,0,0,0,1969,65,4,2038,26,2064,213,153,78,444,9,453,2,260,66,58,29,415,8,423,125,25,21,2,173,6,0,5,2,13,186,12/08/2010,30/12/2009,30/12/2009,19.51566265
2012,706,North London,579,381,960,254,116,370,833,497,1330,1133,1105,2238,16,6,22,1149,1111,2260,1712,1486,3198,270,122,392,1982,1608,3590,13,2,1300,30,1330,40,63,307,47,0,0,0,0,0,0,0,0,0,0,0,2,2,0,0,0,19,5,24,0,0,0,0,0,0,0,0,0,0,0,0,0,0,0,14,2,16,55,27,82,0,0,0,45,18,63,54,24,78,0,0,0,29,34,63,216,112,328,10,11,18,95,93,101,0,16,0,0,16,2,0,0,2,0,0,0,0,10,0,0,10,0,0,0,0,0,0,0,0,1,0,0,1,0,0,0,0,29,0,0,29,6,351,357,0,0,0,0,0,0,0,1587,15,7,1609,1591,3200,239,109,33,381,11,392,20,67,106,112,43,348,9,357,149,26,16,8,199,6,3,0,0,9,208,30/04/2005,01/06/2012,30/04/2005,29.71264368
2012,707,South London,618,492,1110,185,101,286,803,593,1396,754,881,1635,32,13,45,786,894,1680,1372,1373,2745,217,114,331,1589,1487,3076,9,0,1374,22,1396,72,55,117,20,0,0,0,0,0,0,0,0,0,0,0,0,0,0,0,0,26,6,32,0,0,0,0,0,0,1,1,2,4,1,5,0,0,0,24,4,28,63,40,103,0,0,0,36,29,65,58,31,89,0,0,0,4,4,8,216,116,332,1,7,19,71,111,123,0,13,0,0,13,0,1,0,1,0,0,0,0,6,0,0,6,0,0,0,0,0,0,0,0,1,0,0,1,0,0,0,0,20,1,0,21,0,353,353,0,0,0,0,0,0,0,2691,17,3,2711,34,2745,193,103,28,324,7,331,39,80,97,80,51,347,6,353,75,24,18,18,135,3,1,3,6,13,148,02/09/2008,08/03/2001,08/03/2001,28.08789625
2012,708,West London,543,368,911,323,139,462,866,507,1373,1199,1176,2375,40,23,63,1239,1199,2438,1742,1544,3286,363,162,525,2105,1706,3811,19,2,1335,38,1373,49,99,429,47,2,0,1,0,0,0,0,0,0,3,5,3,8,0,0,0,56,16,72,0,0,0,2,0,2,2,1,3,1,0,1,0,0,0,26,3,29,59,29,88,0,0,0,76,51,127,28,14,42,0,0,0,48,18,66,303,135,438,7,4,25,103,144,155,0,9,0,0,9,2,0,0,2,0,0,0,0,8,0,0,8,0,0,0,0,0,0,0,0,1,0,0,1,0,0,0,0,20,0,0,20,6,452,458,0,0,0,0,1,1,0,2434,22,6,2462,826,3288,294,155,62,511,14,525,27,79,143,148,48,445,13,458,223,47,23,8,301,5,4,0,0,9,310,11/09/2010,26/04/2012,11/09/2010,29.09775281
2012,801,BERKSHIRE,410,254,664,213,95,308,623,349,972,795,735,1530,2,0,2,797,735,1532,1205,989,2194,215,95,310,1420,1084,2504,6,0,940,32,972,138,159,67,20,0,0,0,5,0,0,0,0,0,5,1,0,1,0,0,0,35,11,46,0,0,0,2,0,2,0,0,0,0,0,0,0,0,0,19,3,22,71,39,110,0,0,0,28,19,47,27,5,32,0,0,0,4,2,6,187,79,266,3,6,20,63,79,95,0,3,0,0,3,0,0,0,0,0,0,0,0,0,0,0,0,0,0,0,0,0,0,0,0,0,0,0,0,0,0,0,0,3,0,0,3,2,267,269,0,0,0,11,4,4,0,2005,50,5,2060,134,2194,221,61,19,301,9,310,3,28,186,31,12,260,9,269,102,9,9,2,122,1,0,1,0,2,124,09/04/2009,18/11/2011,09/04/2009,23.08461538
2012,802,BRIGHTON AND HOVE,237,166,403,130,74,204,367,240,607,282,314,596,5,1,6,287,315,602,519,480,999,135,75,210,654,555,1209,24,0,590,17,607,194,131,17,9,1,0,0,2,0,0,0,0,0,3,0,0,0,1,0,1,13,5,18,0,0,0,3,2,5,5,3,8,0,0,0,0,0,0,11,2,13,68,54,122,1,0,1,15,9,24,8,5,13,0,0,0,8,9,17,133,89,222,3,0,12,36,41,130,0,2,0,0,2,1,0,0,1,0,0,0,0,0,0,0,0,0,0,0,0,0,0,0,0,0,0,0,0,0,0,0,0,3,0,0,3,5,220,225,0,0,0,0,0,0,0,837,137,5,979,20,999,89,115,6,210,0,210,10,73,129,9,3,224,1,225,43,5,2,0,50,0,0,0,0,0,50,07/02/2011,n/a,07/02/2011,16.86830357
2012,803,BUCKINGHAMSHIRE,297,260,557,117,46,163,414,306,720,281,361,642,20,11,31,301,372,673,578,621,1199,137,57,194,715,678,1393,1,0,670,50,720,150,75,37,22,0,0,0,0,0,0,0,0,0,0,0,0,0,0,0,0,31,6,37,0,0,0,0,0,0,0,0,0,0,0,0,0,0,0,12,0,12,55,24,79,0,0,0,16,6,22,15,7,22,0,0,0,6,4,10,135,47,182,3,4,14,43,48,70,0,4,0,0,4,0,0,0,0,0,0,0,0,2,0,0,2,0,0,0,0,0,0,0,0,0,0,0,0,0,0,0,0,6,0,0,6,2,186,188,0,0,0,12,9,9,0,1161,36,0,1197,2,1199,147,35,3,185,9,194,18,40,70,44,5,177,11,188,23,10,4,0,37,4,0,1,2,7,44,17/03/2011,23/02/2010,23/02/2010,21.70056497
2012,804,EAST SUSSEX,409,411,820,264,130,394,673,541,1214,463,531,994,5,5,10,468,536,1004,872,942,1814,269,135,404,1141,1077,2218,4,3,1180,34,1214,194,172,28,19,3,0,0,0,0,0,0,0,0,3,0,1,1,0,0,0,52,20,72,0,0,0,0,0,0,6,1,7,0,0,0,0,0,0,19,2,21,53,45,98,0,0,0,82,66,148,21,9,30,0,0,0,10,2,12,243,146,389,0,1,12,62,120,194,0,6,0,0,6,0,0,0,0,0,0,0,0,4,0,0,4,0,0,0,0,0,0,0,0,0,0,0,0,0,0,0,0,10,0,0,10,4,395,399,0,0,0,5,1,1,0,1618,113,12,1743,74,1817,303,71,23,397,7,404,5,98,155,113,22,393,6,399,83,11,2,1,97,0,1,2,2,5,102,16/02/2010,02/01/2008,02/01/2008,25.26590331
2012,805,Central Hampshire,162,142,304,115,42,157,277,184,461,322,380,702,3,2,5,325,382,707,484,522,1006,118,44,162,602,566,1168,2,0,443,18,461,127,74,10,8,3,0,0,2,0,0,0,0,0,5,1,2,3,0,0,0,17,9,26,0,0,0,0,0,0,0,0,0,0,1,1,0,0,0,24,2,26,17,14,31,0,0,0,47,15,62,5,5,10,0,0,0,1,0,1,112,48,160,0,5,5,25,45,80,0,0,0,0,0,0,0,0,0,0,0,0,0,3,0,0,3,0,0,0,0,0,0,0,0,0,0,0,0,0,0,0,0,3,0,0,3,5,158,163,0,0,0,10,9,9,0,968,3,0,971,35,1006,152,5,1,158,4,162,5,36,98,18,1,158,5,163,59,6,5,1,71,1,2,0,1,4,75,10/02/2010,06/07/2010,10/02/2010,19.06329114
2012,806,North East Hampshire,217,198,415,90,40,130,307,238,545,282,362,644,10,4,14,292,366,658,499,560,1059,100,44,144,599,604,1203,1,0,544,1,545,58,103,10,12,0,0,0,0,0,0,0,0,0,0,1,0,1,0,0,0,25,11,36,0,0,0,0,0,0,0,0,0,0,0,0,0,0,0,9,1,10,40,15,55,0,0,0,17,12,29,4,4,8,0,0,0,2,0,2,98,43,141,1,2,13,51,38,36,0,1,0,0,1,0,0,0,0,0,0,0,0,6,0,0,6,0,0,0,0,0,0,0,0,0,0,0,0,0,0,0,0,7,0,0,7,5,143,148,0,0,0,6,4,4,0,998,8,0,1006,53,1059,126,10,5,141,3,144,19,103,16,7,0,145,3,148,24,1,0,0,25,0,0,0,0,0,25,06/03/2012,n/a,06/03/2012,10.77241379
2012,807,Portsmouth and South East Hampshire,417,370,787,257,106,363,674,476,1150,796,906,1702,1,1,2,797,907,1704,1213,1276,2489,258,107,365,1471,1383,2854,3,0,1145,5,1150,287,146,21,23,1,0,0,0,0,0,0,0,0,1,1,0,1,0,0,0,26,5,31,0,0,0,0,0,0,6,0,6,0,0,0,0,0,0,20,4,24,57,35,92,0,0,0,120,46,166,7,3,10,0,0,0,24,9,33,261,102,363,7,2,7,53,83,211,0,0,0,0,0,1,0,0,1,0,0,0,0,1,0,0,1,0,0,0,0,0,0,0,0,0,0,0,0,0,0,0,0,2,0,0,2,0,365,365,0,0,0,0,0,0,0,2466,4,1,2471,18,2489,336,21,5,362,3,365,0,1,85,207,64,357,8,365,173,44,10,2,229,1,0,2,0,3,232,24/08/1998,31/10/2011,24/08/1998,40.68487395
2012,808,Southampton and New Forest,317,260,577,103,54,157,420,314,734,735,744,1479,29,12,41,764,756,1520,1052,1004,2056,132,66,198,1184,1070,2254,39,0,686,48,734,245,131,30,25,0,0,0,1,0,0,0,0,0,1,0,2,2,0,0,0,22,9,31,0,0,0,0,0,0,2,0,2,2,0,2,0,0,0,26,3,29,34,9,43,0,0,0,34,17,51,4,3,7,0,0,0,19,7,26,143,50,193,7,2,12,44,54,74,0,2,0,0,2,0,0,0,0,0,0,0,0,1,0,0,1,0,0,0,0,0,0,0,0,0,0,0,0,0,0,0,0,3,0,0,3,3,193,196,0,0,0,0,0,0,0,1975,46,14,2035,21,2056,151,39,4,194,4,198,15,47,65,44,21,192,4,196,64,9,7,2,82,2,0,1,1,4,86,25/05/2010,28/04/2010,28/04/2010,26.27864583
2012,809,ISLE OF WIGHT,151,118,269,67,27,94,218,145,363,172,239,411,0,2,2,172,241,413,323,357,680,67,29,96,390,386,776,0,0,330,33,363,105,47,2,3,11,0,0,0,0,0,0,1,0,12,0,0,0,0,0,0,7,2,9,0,0,0,0,0,0,0,0,0,2,2,4,0,0,0,10,2,12,9,10,19,0,0,0,14,3,17,7,0,7,0,0,0,0,1,1,49,20,69,0,0,1,14,18,36,0,0,0,0,0,0,0,0,0,0,0,0,0,0,0,0,0,0,0,0,0,0,0,0,0,0,0,0,0,0,0,0,0,0,0,0,0,6,63,69,0,0,0,21,9,9,0,670,4,0,674,6,680,76,16,4,96,0,96,0,4,20,33,12,69,0,69,53,17,6,4,80,0,0,1,1,2,82,14/04/2009,20/01/2010,14/04/2009,37.91304348
2012,810,Central and South East Kent,331,310,641,143,54,197,474,364,838,249,325,574,1,0,1,250,325,575,580,635,1215,144,54,198,724,689,1413,1,0,833,5,838,136,84,15,10,0,0,0,0,0,0,0,0,0,0,0,0,0,0,0,0,16,3,19,0,0,0,0,0,0,1,0,1,0,0,0,0,0,0,16,0,16,24,15,39,0,0,0,22,11,33,9,1,10,0,0,0,6,7,13,94,37,131,1,1,3,24,38,64,0,1,0,0,1,1,0,0,1,0,0,0,0,4,0,0,4,0,0,0,0,0,0,0,0,0,0,0,0,0,0,0,0,6,0,0,6,2,135,137,0,0,0,13,0,0,0,1188,5,2,1195,20,1215,162,27,8,197,1,198,2,5,44,68,14,133,4,137,71,27,4,1,103,0,0,0,1,1,104,03/08/2010,16/09/2010,03/08/2010,34.47368421
2012,811,Mid Kent and Medway,440,366,806,151,58,209,591,424,1015,533,606,1139,28,8,36,561,614,1175,973,972,1945,179,66,245,1152,1038,2190,1,0,1006,9,1015,55,125,24,14,12,0,0,0,0,0,0,0,0,12,1,1,2,0,0,0,28,5,33,0,0,0,0,0,0,1,0,1,0,0,0,0,0,0,29,3,32,46,28,74,0,0,0,25,15,40,19,5,24,0,0,0,20,9,29,169,66,235,5,5,13,40,69,103,0,6,0,0,6,0,0,0,0,0,0,0,0,3,0,0,3,0,0,0,0,0,0,0,0,0,0,0,0,0,0,0,0,9,0,0,9,6,238,244,0,0,0,6,1,1,0,1825,11,4,1840,105,1945,189,40,15,244,1,245,25,27,66,91,32,241,3,244,86,31,23,21,161,0,0,2,3,5,166,22/09/2004,16/09/2003,16/09/2003,31.36514523
2012,812,North East Kent,428,386,814,183,62,245,611,448,1059,314,426,740,1,1,2,315,427,742,742,812,1554,184,63,247,926,875,1801,0,5,1031,28,1059,201,96,14,12,0,0,0,0,0,0,0,0,1,1,0,0,0,0,0,0,20,1,21,0,0,0,0,0,0,0,0,0,0,0,0,0,0,0,24,1,25,52,28,80,0,0,0,60,23,83,24,8,32,0,0,0,24,9,33,204,70,274,5,1,10,37,83,138,0,3,0,0,3,1,0,0,1,0,0,0,0,1,0,0,1,0,0,0,0,0,0,0,0,1,0,0,1,0,0,0,0,6,0,0,6,4,276,280,0,0,0,19,4,4,0,1089,230,6,1325,234,1559,108,123,11,242,5,247,3,153,53,43,22,274,6,280,54,26,11,14,105,3,0,1,5,9,114,21/01/2004,14/10/2004,21/01/2004,21.05656934
2012,813,North West Kent,335,281,616,146,54,200,481,335,816,420,528,948,1,1,2,421,529,950,755,809,1564,147,55,202,902,864,1766,3,0,813,3,816,66,74,14,12,0,0,0,0,0,0,0,0,0,0,0,0,0,0,0,0,20,3,23,0,0,0,0,0,0,0,0,0,0,0,0,0,0,0,13,3,16,28,12,40,0,0,0,34,22,56,16,11,27,0,0,0,4,0,4,115,51,166,4,1,7,37,48,69,0,0,0,0,0,0,0,0,0,0,0,0,0,2,0,0,2,0,0,0,0,0,0,0,0,0,0,0,0,0,0,0,0,2,0,0,2,6,162,168,0,0,0,6,4,4,0,1520,21,0,1541,23,1564,181,16,3,200,2,202,6,25,72,42,23,168,0,168,45,15,7,2,69,0,0,0,1,1,70,03/01/2010,25/08/2010,03/01/2010,29.98214286
2012,814,MILTON KEYNES,127,115,242,57,28,85,184,143,327,196,205,401,26,21,47,222,226,448,323,320,643,83,49,132,406,369,775,0,0,9,318,327,53,48,23,8,2,0,0,1,0,0,0,0,0,3,0,2,2,0,0,0,11,2,13,0,0,0,0,0,0,1,0,1,2,0,2,0,0,0,8,1,9,13,12,25,0,1,1,17,15,32,5,3,8,0,0,0,11,7,18,68,43,111,4,3,1,27,24,52,0,3,0,0,3,0,0,0,0,0,0,0,0,1,0,0,1,0,0,0,0,0,0,0,0,0,0,0,0,0,0,0,0,4,0,0,4,3,112,115,0,0,0,0,3,3,0,591,14,5,610,33,643,107,23,1,131,1,132,11,19,64,17,4,115,0,115,51,2,0,0,53,0,1,1,0,2,55,08/03/2012,15/11/2011,15/11/2011,20.95652174
2012,815,OXFORDSHIRE,361,252,613,163,80,243,524,332,856,661,690,1351,17,11,28,678,701,1379,1022,942,1964,180,91,271,1202,1033,2235,38,0,790,66,856,248,150,65,55,1,0,0,0,0,0,0,0,0,1,5,0,5,0,0,0,24,8,32,0,0,0,0,0,0,2,0,2,0,1,1,0,0,0,18,2,20,60,38,98,0,0,0,19,12,31,10,8,18,0,0,0,23,12,35,161,81,242,2,2,25,43,59,111,0,6,0,0,6,0,0,0,0,0,0,0,0,5,0,0,5,0,0,0,0,0,0,0,0,1,0,0,1,0,0,0,0,12,0,0,12,6,248,254,0,0,1,16,9,9,0,1840,34,7,1881,83,1964,199,36,7,242,29,271,8,40,123,58,11,240,14,254,69,3,6,2,80,11,9,1,0,21,101,10/02/2010,28/11/2011,10/02/2010,24.35208333
2012,816,SURREY,873,808,1681,293,189,482,1166,997,2163,987,1082,2069,40,17,57,1027,1099,2126,1860,1890,3750,333,206,539,2193,2096,4289,90,0,2108,55,2163,83,190,71,54,1,0,0,8,0,0,0,0,0,9,1,0,1,0,0,0,30,15,45,0,0,0,0,0,0,0,0,0,0,0,0,0,0,0,34,2,36,61,36,97,0,0,0,58,31,89,26,15,41,0,0,0,23,11,34,233,110,343,4,1,16,76,91,155,0,2,0,0,2,4,0,0,4,0,0,0,0,7,0,0,7,0,0,0,0,0,0,0,0,0,0,0,0,0,0,0,0,13,0,0,13,3,353,356,0,0,0,6,9,4,0,1639,30,12,1681,2069,3750,448,27,10,485,54,539,4,59,147,102,27,339,17,356,232,80,29,5,346,7,9,0,13,29,375,18/08/2009,11/01/2005,11/01/2005,27.70353982
2012,817,WEST SUSSEX,608,485,1093,164,76,240,772,561,1333,837,972,1809,35,18,53,872,990,1862,1445,1457,2902,199,94,293,1644,1551,3195,18,0,1322,11,1333,92,88,30,29,0,0,0,1,0,0,0,0,0,1,0,0,0,0,0,0,41,8,49,0,0,0,0,0,0,1,1,2,2,0,2,0,0,0,36,4,40,52,28,80,0,0,0,27,16,43,13,1,14,0,0,0,16,7,23,188,65,253,3,4,11,48,62,125,0,0,0,0,0,0,0,0,0,0,0,0,0,1,0,0,1,0,0,0,0,0,0,0,0,0,0,0,0,0,0,0,0,1,0,0,1,3,251,254,0,0,0,19,10,10,0,2058,93,11,2162,740,2902,200,77,12,289,4,293,32,117,49,41,14,253,1,254,49,13,11,1,74,3,1,0,0,4,78,08/10/2010,04/05/2012,08/10/2010,18.79249012
2012,901,AVON,614,419,1033,544,235,779,1158,654,1812,1230,1353,2583,11,3,14,1241,1356,2597,1844,1772,3616,555,238,793,2399,2010,4409,17,0,1778,34,1812,349,289,50,21,2,0,0,5,0,0,0,0,0,7,8,1,9,0,0,0,58,22,80,0,0,0,0,0,0,4,3,7,3,1,4,0,0,0,64,8,72,93,43,136,0,1,1,222,95,317,19,8,27,0,0,0,62,37,99,533,219,752,26,9,37,129,169,382,0,14,0,0,14,7,0,0,7,0,0,0,0,11,0,0,11,0,0,0,0,0,0,0,0,2,0,0,2,0,0,0,0,34,0,0,34,6,780,786,0,0,0,13,8,8,0,3368,197,20,3585,31,3616,469,288,29,786,7,793,6,149,262,268,94,779,7,786,254,80,31,2,367,4,1,1,1,7,374,19/03/2008,01/11/2010,19/03/2008,30.78818999
2012,902,CORNWALL,524,465,989,248,134,382,772,599,1371,491,767,1258,3,4,7,494,771,1265,1015,1232,2247,251,138,389,1266,1370,2636,0,0,1307,64,1371,270,176,10,15,0,0,0,0,0,0,0,0,0,0,4,1,5,0,0,0,33,12,45,0,0,0,1,2,3,0,0,0,0,0,0,0,0,0,36,2,38,57,44,101,0,0,0,86,43,129,42,30,72,0,0,0,17,10,27,276,144,420,6,3,18,71,112,210,0,1,0,0,1,0,0,0,0,0,0,0,0,7,0,0,7,0,0,0,0,0,0,0,0,1,0,0,1,0,0,0,0,9,0,0,9,6,423,429,0,0,0,4,3,3,0,2122,117,4,2243,4,2247,294,77,15,386,3,389,0,14,105,168,135,422,7,429,178,76,39,15,308,0,2,1,4,7,315,10/11/2003,17/09/2008,10/11/2003,45.23104265
2012,903,Exeter and Greater Devon,297,196,493,194,92,286,491,288,779,973,1111,2084,26,29,55,999,1140,2139,1270,1307,2577,220,121,341,1490,1428,2918,2,0,719,60,779,139,133,12,14,1,0,0,0,0,0,0,0,0,1,1,0,1,0,0,0,37,13,50,0,0,0,1,0,1,1,0,1,8,4,12,0,0,0,27,5,32,52,64,116,0,0,0,41,28,69,10,2,12,0,0,0,20,3,23,198,119,317,4,5,7,40,79,182,0,4,0,0,4,0,0,0,0,0,0,0,0,4,0,0,4,0,0,0,0,0,0,0,0,1,0,0,1,0,0,0,0,9,0,0,9,6,320,326,0,0,0,2,2,1,0,2525,38,3,2566,11,2577,283,34,17,334,7,341,4,9,83,167,62,325,1,326,151,36,19,6,212,4,3,2,5,14,226,19/04/2007,17/08/2004,17/08/2004,39.67230769
2012,904,Plymouth and South West Devon,302,297,599,258,80,338,560,377,937,555,545,1100,7,7,14,562,552,1114,857,842,1699,265,87,352,1122,929,2051,12,0,923,14,937,271,114,19,13,0,1,0,2,0,0,0,0,0,3,3,0,3,0,0,0,34,4,38,0,0,0,0,0,0,1,0,1,0,0,0,0,0,0,35,0,35,48,29,77,0,0,0,123,36,159,13,4,17,0,0,0,33,23,56,290,96,386,7,1,10,59,98,211,0,1,0,0,1,1,0,0,1,0,0,0,0,3,0,0,3,0,0,0,0,0,0,0,0,1,0,0,1,0,0,0,0,6,0,0,6,2,390,392,0,0,0,0,0,0,0,1638,31,2,1671,28,1699,274,58,18,350,2,352,9,49,142,151,29,380,12,392,96,49,15,1,161,1,0,1,0,2,163,27/09/2010,16/11/2011,27/09/2010,29.57105263
2012,905,Torbay and South Devon,281,206,487,95,38,133,376,244,620,450,543,993,6,2,8,456,545,1001,731,749,1480,101,40,141,832,789,1621,1,0,603,17,620,126,83,4,3,0,0,0,0,0,0,0,0,1,1,0,0,0,0,0,0,26,4,30,0,0,0,0,0,0,1,2,3,0,0,0,0,0,0,14,1,15,24,18,42,0,0,0,17,6,23,9,4,13,0,0,0,5,4,9,96,39,135,3,2,4,23,40,62,1,2,0,0,2,0,0,0,0,0,0,0,0,1,0,0,1,0,0,0,0,0,0,0,0,0,0,0,0,0,0,0,0,3,0,0,3,4,134,138,0,0,0,0,0,0,0,1350,12,1,1363,117,1480,118,13,7,138,3,141,0,13,35,54,33,135,3,138,63,26,9,0,98,0,2,2,0,4,102,23/04/2011,25/05/2011,23/04/2011,40.18888889
2012,906,"Bournemouth, Poole and Eastern Dorset",351,250,601,117,50,167,468,300,768,653,832,1485,2,0,2,655,832,1487,1004,1082,2086,119,50,169,1123,1132,2255,3,0,724,44,768,177,112,24,10,0,0,0,0,0,0,0,0,0,0,0,0,0,0,0,0,20,11,31,0,0,0,0,0,0,1,2,3,1,0,1,0,0,0,16,0,16,27,8,35,0,0,0,15,9,24,15,5,20,0,0,0,20,9,29,115,44,159,2,2,9,32,52,62,0,3,0,0,3,1,0,0,1,0,0,0,0,2,0,0,2,0,0,0,0,0,0,0,0,0,0,0,0,0,0,0,0,6,0,0,6,0,165,165,0,0,0,7,0,0,0,1950,101,7,2058,28,2086,79,81,9,169,0,169,28,84,35,14,2,163,2,165,36,5,2,2,45,0,0,0,2,2,47,08/05/2001,13/10/2009,08/05/2001,13.56134969
2012,907,Western Dorset,188,147,335,80,25,105,268,172,440,244,312,556,15,4,19,259,316,575,432,459,891,95,29,124,527,488,1015,1,0,439,1,440,9,11,6,10,1,0,0,0,0,0,0,0,0,1,1,1,2,0,0,0,9,4,13,0,0,0,0,0,0,1,0,1,0,0,0,0,0,0,9,1,10,22,10,32,0,0,0,14,3,17,20,5,25,0,0,0,2,1,3,78,25,103,3,2,8,16,39,35,0,3,0,0,3,0,0,0,0,0,0,0,0,2,0,0,2,0,0,0,0,0,0,0,0,0,0,0,0,0,0,0,0,5,0,0,5,5,103,108,0,0,0,13,4,4,0,871,6,0,877,14,891,89,25,8,122,2,124,10,39,37,14,5,105,3,108,24,6,4,2,36,1,0,1,1,3,39,24/06/2009,29/04/2010,24/06/2009,19.28095238
2012,908,GLOUCESTERSHIRE,347,315,662,256,132,388,603,447,1050,481,556,1037,5,4,9,486,560,1046,828,871,1699,261,136,397,1089,1007,2096,0,0,1005,45,1050,264,152,22,19,1,0,0,1,1,0,0,1,1,5,1,1,2,0,0,0,41,7,48,0,0,0,2,0,2,0,4,4,0,2,2,0,0,0,33,3,36,59,55,114,0,0,0,85,42,127,33,14,47,0,0,0,14,8,22,268,136,404,6,0,15,56,111,216,0,2,0,0,2,0,0,0,0,0,0,0,0,4,0,0,4,0,0,0,0,0,0,0,0,0,0,0,0,0,0,0,0,6,0,0,6,10,400,410,0,0,0,15,14,14,0,1393,26,4,1423,276,1699,276,109,8,393,4,397,8,27,169,122,77,403,7,410,152,36,12,18,218,0,2,3,1,6,224,30/01/2006,08/08/2008,30/01/2006,35.24689826
2012,909,ISLES OF SCILLY,0,2,2,2,2,4,2,4,6,1,0,1,0,0,0,1,0,1,1,2,3,2,2,4,3,4,7,0,0,6,0,6,2,2,0,0,0,0,0,0,0,0,0,0,0,0,0,0,0,0,0,0,0,0,0,0,0,0,0,0,0,0,0,0,0,0,0,0,0,0,0,0,0,2,0,2,0,0,0,0,0,0,0,1,1,0,0,0,0,0,0,2,1,3,0,0,1,0,2,0,0,0,0,0,0,0,0,0,0,0,0,0,0,0,0,0,0,0,0,0,0,0,0,0,0,0,0,0,0,0,0,0,0,0,0,0,0,0,3,3,0,0,0,0,0,0,0,2,1,0,3,0,3,3,1,0,4,0,4,0,0,1,2,0,3,0,3,1,0,0,0,1,0,0,0,0,0,1,14/08/2012,n/a,14/08/2012,31.83333333
2012,910,Eastern Somerset,183,141,324,72,34,106,255,175,430,247,305,552,9,7,16,256,312,568,430,446,876,81,41,122,511,487,998,2,0,423,7,430,80,79,10,6,0,0,0,1,0,0,0,0,0,1,0,0,0,0,0,0,15,4,19,0,0,0,0,0,0,0,0,0,0,0,0,0,0,0,6,0,6,18,10,28,0,0,0,28,14,42,5,1,6,0,0,0,11,5,16,83,34,117,4,2,8,18,28,57,0,0,0,0,0,0,0,0,0,0,0,0,0,2,0,0,2,0,0,0,0,0,0,0,0,0,0,0,0,0,0,0,0,2,0,0,2,0,119,119,0,0,0,12,2,2,0,831,6,0,837,39,876,116,4,1,121,1,122,16,38,40,17,8,119,0,119,16,5,3,4,28,1,0,0,0,1,29,05/05/2006,27/12/2012,05/05/2006,20.50420168
2012,911,Western Somerset,175,134,309,95,25,120,270,159,429,410,483,893,7,7,14,417,490,907,585,617,1202,102,32,134,687,649,1336,3,0,424,5,429,115,63,8,10,0,0,0,0,1,0,0,0,0,1,0,0,0,0,0,0,12,6,18,0,0,0,2,0,2,8,0,8,0,0,0,0,0,0,8,0,8,24,16,40,0,0,0,22,6,28,5,0,5,0,0,0,9,3,12,90,31,121,2,2,11,22,39,45,0,0,0,0,0,0,0,0,0,0,0,0,0,6,0,0,6,0,0,0,0,0,0,0,0,0,0,0,0,0,0,0,0,6,0,0,6,4,123,127,0,0,0,9,10,10,0,1175,14,3,1192,10,1202,115,14,1,130,4,134,4,25,55,31,8,123,4,127,48,8,7,0,63,2,1,0,0,3,66,09/11/2011,27/06/2012,09/11/2011,25.29674797
2012,912,WILTSHIRE AND SWINDON,290,180,470,171,78,249,461,258,719,720,729,1449,15,14,29,735,743,1478,1010,909,1919,186,92,278,1196,1001,2197,7,0,687,32,719,177,148,29,19,0,0,0,4,0,0,0,1,0,5,5,0,5,0,0,0,35,13,48,0,0,0,0,0,0,1,0,1,1,1,2,0,0,0,34,1,35,51,30,81,0,0,0,63,43,106,14,3,17,0,0,0,24,12,36,228,103,331,7,6,23,62,83,150,0,2,0,0,2,1,0,0,1,0,0,0,0,8,0,0,8,0,0,0,0,0,0,0,0,2,0,0,2,0,0,0,0,13,0,0,13,0,344,344,0,0,0,20,16,16,0,1893,6,0,1899,20,1919,240,26,6,272,6,278,11,57,109,123,28,328,16,344,103,19,13,4,139,2,2,5,8,17,156,30/06/2009,15/01/2009,15/01/2009,29.05335366
2012,1001,Bridgend and Glamorgan Valleys,402,317,719,197,86,283,599,403,1002,707,610,1317,13,14,27,720,624,1344,1109,927,2036,210,100,310,1319,1027,2346,0,0,969,33,1002,274,193,7,14,2,0,0,0,0,0,0,0,0,2,0,0,0,0,0,0,40,9,49,0,0,0,0,0,0,13,1,14,0,1,1,0,0,0,12,1,13,55,46,101,0,0,0,78,41,119,7,4,11,0,0,0,12,18,30,217,121,338,4,6,19,73,85,151,0,0,0,0,0,0,0,0,0,0,0,0,0,6,0,0,6,0,0,0,0,0,0,0,0,2,0,0,2,0,0,0,0,8,0,0,8,8,338,346,0,0,0,0,0,0,0,2003,1,4,2008,28,2036,294,11,2,307,3,310,15,50,139,84,52,340,6,346,106,9,2,1,118,1,0,0,0,1,119,21/06/2010,31/10/2012,21/06/2010,30.74558824
2012,1002,Cardiff and Vale of Glamorgan,230,140,370,230,117,347,460,257,717,518,420,938,16,10,26,534,430,964,748,560,1308,246,127,373,994,687,1681,2,0,665,52,717,290,178,20,14,5,0,0,1,0,0,0,0,0,6,1,0,1,0,0,0,26,10,36,0,0,0,0,0,0,15,2,17,0,0,0,0,0,0,6,0,6,26,20,46,0,0,0,72,32,104,26,14,40,0,0,0,52,37,89,224,115,339,6,3,12,72,102,144,0,3,0,0,3,0,0,0,0,0,0,0,0,2,0,0,2,0,0,0,0,0,0,0,0,1,0,0,1,0,0,0,0,6,0,0,6,6,339,345,0,0,0,5,4,4,0,1248,29,9,1286,22,1308,293,68,5,366,7,373,13,212,112,3,0,340,5,345,94,6,0,0,100,6,0,1,6,13,113,11/01/2012,01/08/2007,01/08/2007,12.48529412
2012,1003,Carmarthenshire,148,94,242,63,32,95,211,126,337,207,252,459,3,3,6,210,255,465,355,346,701,66,35,101,421,381,802,0,17,331,6,337,46,41,1,5,0,0,0,0,0,0,0,0,0,0,0,0,0,0,0,0,8,3,11,0,0,0,0,0,0,0,0,0,0,0,0,0,0,0,4,0,4,9,6,15,0,0,0,27,14,41,2,0,2,0,0,0,13,9,22,63,32,95,2,1,4,17,29,42,0,2,0,0,2,0,0,0,0,0,0,0,0,1,0,0,1,0,0,0,0,0,0,0,0,0,0,0,0,0,0,0,0,3,0,0,3,2,96,98,0,0,0,2,2,2,0,701,0,0,701,17,718,96,2,2,100,1,101,44,30,10,7,6,97,1,98,16,4,0,0,20,0,0,0,0,0,20,03/02/2012,n/a,03/02/2012,13.72164948
2012,1004,Central North Wales,236,216,452,121,71,192,357,287,644,285,316,601,0,1,1,285,317,602,521,532,1053,121,72,193,642,604,1246,0,0,623,21,644,115,65,5,4,0,0,0,0,0,0,0,0,0,0,0,0,0,0,0,0,11,1,12,0,0,0,0,0,0,0,0,0,0,0,0,0,0,0,8,0,8,43,38,81,0,0,0,25,10,35,10,4,14,0,0,0,7,8,15,104,61,165,0,1,7,21,48,88,0,0,0,0,0,1,0,0,1,0,0,0,0,0,0,0,0,0,0,0,0,0,0,0,0,0,0,0,0,0,0,0,0,1,0,0,1,0,166,166,0,0,0,0,0,0,0,1037,7,0,1044,9,1053,179,12,2,193,0,193,1,4,101,55,5,166,0,166,79,11,6,2,98,0,0,0,0,0,98,21/11/2005,n/a,21/11/2005,27.03915663
2012,1005,Ceredigion,69,51,120,30,8,38,99,59,158,42,70,112,0,0,0,42,70,112,111,121,232,30,8,38,141,129,270,1,0,158,0,158,4,0,0,0,0,0,0,0,0,0,0,0,0,0,0,0,0,0,0,0,3,2,5,0,0,0,0,0,0,0,0,0,0,0,0,0,0,0,0,0,0,11,2,13,0,0,0,8,6,14,1,1,2,0,0,0,0,0,0,23,11,34,0,0,4,6,13,11,0,0,0,0,0,0,0,0,0,0,0,0,0,2,0,0,2,0,0,0,0,0,0,0,0,0,0,0,0,0,0,0,0,2,0,0,2,0,36,36,0,0,0,0,0,0,0,232,0,0,232,0,232,38,0,0,38,0,38,1,8,15,10,2,36,0,36,9,1,1,0,11,0,0,0,0,0,11,12/09/2011,n/a,12/09/2011,25.09722222
2012,1006,Gwent,570,378,948,124,34,158,694,412,1106,835,817,1652,2,0,2,837,817,1654,1405,1195,2600,126,34,160,1531,1229,2760,0,0,1062,44,1106,182,107,10,22,0,0,0,1,0,0,0,0,0,1,5,1,6,0,0,0,39,13,52,0,0,0,0,0,0,0,0,0,0,0,0,0,0,0,4,1,5,61,15,76,0,0,0,5,2,7,7,6,13,0,0,0,3,1,4,124,39,163,0,1,15,60,46,41,0,4,0,0,4,0,0,0,0,0,0,0,0,1,0,0,1,0,0,0,0,0,0,0,0,0,0,0,0,0,0,0,0,5,0,0,5,1,167,168,0,0,0,3,3,3,0,1818,32,6,1856,744,2600,144,13,2,159,1,160,3,16,88,43,13,163,5,168,43,8,5,0,56,0,0,0,0,0,56,22/08/2011,n/a,22/08/2011,27.71165644
2012,1007,Neath and Port Talbot,71,63,134,49,29,78,120,92,212,110,138,248,3,1,4,113,139,252,181,201,382,52,30,82,233,231,464,2,0,207,5,212,53,65,1,3,0,0,0,0,0,0,0,0,0,0,0,0,0,0,0,0,8,0,8,0,0,0,0,0,0,0,0,0,1,0,1,0,0,0,1,0,1,14,4,18,0,0,0,14,17,31,3,0,3,0,0,0,12,6,18,53,27,80,1,0,8,31,22,18,0,1,0,0,1,0,0,0,0,0,0,0,0,1,0,0,1,0,0,0,0,0,0,0,0,0,0,0,0,0,0,0,0,2,0,0,2,1,81,82,0,0,0,0,0,0,0,368,5,1,374,8,382,77,3,1,81,1,82,3,6,35,29,8,81,1,82,36,2,8,8,54,1,0,0,0,1,55,04/10/2007,29/10/2012,04/10/2007,30.51234568
2012,1008,North East Wales,158,148,306,151,115,266,309,263,572,316,333,649,1,0,1,317,333,650,474,481,955,152,115,267,626,596,1222,2,0,555,17,572,155,89,8,10,0,0,0,0,0,0,0,0,0,0,0,0,0,0,0,0,16,2,18,0,0,0,0,1,1,0,0,0,0,0,0,0,0,0,10,0,10,50,55,105,0,0,0,25,24,49,12,4,16,0,0,0,19,12,31,132,98,230,2,1,7,37,54,129,0,0,0,0,0,0,0,0,0,0,0,0,0,0,0,0,0,0,0,0,0,0,0,0,0,0,0,0,0,0,0,0,0,0,0,0,0,1,229,230,0,0,0,3,1,1,0,941,2,1,944,11,955,249,11,6,266,1,267,1,1,117,96,14,229,1,230,123,17,6,3,149,1,0,1,0,2,151,27/01/2010,27/07/2011,27/01/2010,30.7139738
2012,1009,North West Wales,146,132,278,90,54,144,236,186,422,256,288,544,0,0,0,256,288,544,402,420,822,90,54,144,492,474,966,1,0,278,144,422,149,101,7,6,0,0,0,0,0,0,0,0,0,0,0,1,1,0,0,0,23,5,28,0,0,0,0,0,0,2,1,3,0,0,0,0,0,0,4,0,4,25,17,42,0,0,0,17,16,33,5,0,5,0,0,0,11,5,16,87,45,132,0,0,15,32,40,45,0,4,0,0,4,0,0,0,0,0,0,0,0,1,0,0,1,0,0,0,0,0,0,0,0,0,0,0,0,0,0,0,0,5,0,0,5,0,137,137,0,0,0,0,0,0,0,816,0,0,816,6,822,130,10,2,142,2,144,1,4,82,42,6,135,2,137,46,4,7,0,57,2,0,1,1,4,61,26/04/2011,22/07/2008,22/07/2008,27.42222222
2012,1010,Pembrokeshire,111,77,188,59,22,81,170,99,269,154,237,391,6,1,7,160,238,398,265,314,579,65,23,88,330,337,667,0,0,267,2,269,27,39,7,1,0,0,0,0,0,0,0,0,0,0,0,0,0,0,0,0,3,1,4,0,0,0,0,0,0,0,0,0,0,0,0,0,0,0,5,0,5,14,4,18,0,0,0,15,13,28,3,0,3,0,0,0,18,5,23,58,23,81,1,1,6,16,21,36,0,1,0,0,1,0,0,0,0,0,0,0,0,2,0,0,2,0,0,0,0,0,0,0,0,0,0,0,0,0,0,0,0,3,0,0,3,0,84,84,0,0,0,4,4,3,0,567,3,0,570,9,579,82,4,2,88,0,88,7,29,34,8,6,84,0,84,16,6,5,0,27,0,0,0,0,0,27,10/06/2011,n/a,10/06/2011,20.44047619
2012,1011,Powys,82,58,140,37,15,52,119,73,192,47,65,112,2,3,5,49,68,117,129,123,252,39,18,57,168,141,309,1,0,189,3,192,17,45,0,4,0,0,0,0,0,0,0,0,0,0,0,0,0,0,0,0,13,2,15,0,0,0,0,0,0,1,0,1,0,1,1,0,0,0,2,1,3,23,4,27,0,0,0,7,5,12,0,1,1,0,0,0,3,0,3,49,14,63,0,2,3,14,25,19,0,0,0,0,0,0,0,0,0,0,0,0,0,5,0,0,5,0,0,0,0,0,0,0,0,2,0,0,2,0,0,0,0,7,0,0,7,5,65,70,0,0,0,2,4,4,0,232,10,1,243,9,252,40,14,2,56,1,57,4,4,10,40,10,68,2,70,26,5,1,0,32,1,0,0,0,1,33,10/11/2011,17/10/2012,10/11/2011,37.39705882
2012,1012,City and County of Swansea,235,150,385,124,53,177,359,203,562,493,539,1032,10,6,16,503,545,1048,728,689,1417,134,59,193,862,748,1610,11,0,550,12,562,150,132,7,8,1,1,0,0,0,0,0,0,0,2,2,0,2,0,0,0,19,1,20,0,0,0,0,0,0,1,0,1,0,0,0,0,0,0,4,1,5,37,15,52,0,0,0,68,45,113,3,4,7,0,0,0,16,13,29,150,79,229,4,3,10,61,56,95,0,1,0,0,1,0,0,0,0,0,0,0,0,3,0,0,3,0,0,0,0,0,0,0,0,0,0,0,0,0,0,0,0,4,0,0,4,2,231,233,0,0,0,0,0,0,0,1392,10,2,1404,13,1417,175,12,3,190,3,193,9,16,66,65,74,230,3,233,63,35,21,28,147,1,0,0,2,3,150,22/08/2003,16/06/2009,22/08/2003,42.17391304
2012,,TOTAL ENGLAND AND WALES,37870,28665,66535,19432,8847,28279,57302,37512,94814,61857,66721,128578,2556,1707,4263,64413,68428,132841,99727,95386,195113,21988,10554,32542,121715,105940,227655,1537,66,90184,4630,94814,18700,12613,5030,1766,152,9,1,93,6,0,0,6,14,281,102,50,152,6,0,6,2790,725,3515,0,0,0,17,16,33,219,46,265,105,33,138,0,0,0,2542,214,2756,4718,2987,7705,6,5,11,5642,3207,8849,1464,595,2059,0,0,0,2706,1928,4634,20317,9806,30123,594,371,1364,5649,7774,14367,4,390,0,0,390,73,1,0,74,0,0,0,0,446,1,0,447,0,0,0,0,1,0,0,1,31,0,0,31,0,0,0,0,941,2,0,943,472,30594,31066,1,1,2,750,355,337,0,173880,5543,384,179807,15372,195179,25250,5583,1197,32030,512,32542,3467,6388,9961,7646,3100,30562,504,31066,9930,2799,1441,800,14970,200,95,104,174,573,15543,24/08/1998,27/06/2000,24/08/1998,25.99569727
